"cell_sub","cell_all","meshcode","x_km","y_km","cultivated","openwater","n_effort_row","effort_sum","n_capture","n_individual"
1,6661,"524022",433.75509060706,3854.80436129944,0,1e+08,0,0,0,0
2,6662,"524023",443.75509060706,3854.80436129944,0,1e+08,0,0,0,0
3,6663,"524023",453.75509060706,3854.80436129944,0,1e+08,0,0,0,0
4,6664,"524024",463.75509060706,3854.80436129944,0,1e+08,0,0,0,0
5,6665,"524025",473.75509060706,3854.80436129944,0,1e+08,0,0,0,0
6,6666,"524026",483.75509060706,3854.80436129944,0,1e+08,0,0,0,0
7,6667,"524027",493.75509060706,3854.80436129944,0,1e+08,0,0,0,0
8,6762,"523824",273.75509060706,3864.80436129944,0,1e+08,0,0,0,0
9,6763,"523825",283.75509060706,3864.80436129944,0,1e+08,0,0,0,0
10,6764,"523825",293.75509060706,3864.80436129944,0,1e+08,0,0,0,0
11,6765,"523826",303.75509060706,3864.80436129944,4371500,225800,0,0,0,0
12,6766,"523827",313.75509060706,3864.80436129944,3975800,284200,1,2,0,0
13,6767,"523920",323.75509060706,3864.80436129944,5922300,8200,0,0,0,0
14,6768,"523921",333.75509060706,3864.80436129944,1494400,0,0,0,0,0
15,6769,"523922",343.75509060706,3864.80436129944,0,1e+08,0,0,0,0
16,6770,"523923",353.75509060706,3864.80436129944,0,1e+08,0,0,0,0
17,6771,"523924",363.75509060706,3864.80436129944,0,1e+08,0,0,0,0
18,6772,"523934",373.75509060706,3864.80436129944,0,1e+08,0,0,0,0
19,6773,"523935",383.75509060706,3864.80436129944,0,1e+08,0,0,0,0
20,6774,"523936",393.75509060706,3864.80436129944,16287700,225900,1,2,3,3
21,6775,"523937",403.75509060706,3864.80436129944,19116500,407600,0,0,0,0
22,6776,"524030",413.75509060706,3864.80436129944,0,1e+08,0,0,0,0
23,6777,"524031",423.75509060706,3864.80436129944,0,1e+08,0,0,0,0
24,6778,"524032",433.75509060706,3864.80436129944,0,1e+08,0,0,0,0
25,6779,"524033",443.75509060706,3864.80436129944,0,1e+08,0,0,0,0
26,6780,"524033",453.75509060706,3864.80436129944,0,1e+08,0,0,0,0
27,6781,"524034",463.75509060706,3864.80436129944,0,1e+08,0,0,0,0
28,6782,"524035",473.75509060706,3864.80436129944,0,1e+08,0,0,0,0
29,6783,"524036",483.75509060706,3864.80436129944,0,1e+08,0,0,0,0
30,6784,"524037",493.75509060706,3864.80436129944,0,1e+08,0,0,0,0
31,6879,"523833",263.75509060706,3874.80436129944,17734400,802200,10,75,23,23
32,6880,"523834",273.75509060706,3874.80436129944,524500,15900,0,0,0,0
33,6881,"523835",283.75509060706,3874.80436129944,0,1e+08,0,0,0,0
34,6882,"523835",293.75509060706,3874.80436129944,0,1e+08,0,0,0,0
35,6883,"523836",303.75509060706,3874.80436129944,5336700,116500,9,57,0,0
36,6884,"523837",313.75509060706,3874.80436129944,18488900,1140200,0,0,0,0
37,6885,"523940",323.75509060706,3874.80436129944,10391700,22600,0,0,0,0
38,6886,"523941",333.75509060706,3874.80436129944,146700,0,0,0,0,0
39,6887,"523942",343.75509060706,3874.80436129944,0,1e+08,0,0,0,0
40,6888,"523943",353.75509060706,3874.80436129944,0,1e+08,0,0,0,0
41,6889,"523944",363.75509060706,3874.80436129944,0,1e+08,0,0,0,0
42,6890,"523944",373.75509060706,3874.80436129944,0,1e+08,0,0,0,0
43,6891,"523945",383.75509060706,3874.80436129944,0,1e+08,0,0,0,0
44,6892,"523946",393.75509060706,3874.80436129944,14704100,187300,0,0,0,0
45,6893,"523947",403.75509060706,3874.80436129944,39485000,792200,0,0,0,0
46,6894,"524040",413.75509060706,3874.80436129944,6662300,72600,0,0,0,0
47,6895,"524041",423.75509060706,3874.80436129944,0,1e+08,0,0,0,0
48,6896,"524042",433.75509060706,3874.80436129944,0,1e+08,0,0,0,0
49,6897,"524043",443.75509060706,3874.80436129944,0,1e+08,0,0,0,0
50,6898,"524043",453.75509060706,3874.80436129944,0,1e+08,0,0,0,0
51,6899,"524044",463.75509060706,3874.80436129944,0,1e+08,0,0,0,0
52,6900,"524045",473.75509060706,3874.80436129944,0,1e+08,0,0,0,0
53,6901,"524046",483.75509060706,3874.80436129944,0,1e+08,0,0,0,0
54,6902,"524047",493.75509060706,3874.80436129944,0,1e+08,0,0,0,0
55,6997,"523843",263.75509060706,3884.80436129944,52095000,1134600,1,1,0,0
56,6998,"523844",273.75509060706,3884.80436129944,9000900,235100,0,0,0,0
57,6999,"523845",283.75509060706,3884.80436129944,0,1e+08,0,0,0,0
58,7000,"523855",293.75509060706,3884.80436129944,12113300,1823800,0,0,0,0
59,7001,"523856",303.75509060706,3884.80436129944,28124300,291200,0,0,0,0
60,7002,"523857",313.75509060706,3884.80436129944,34343900,948300,0,0,0,0
61,7003,"523950",323.75509060706,3884.80436129944,14277200,219300,5,16,11,11
62,7004,"523951",333.75509060706,3884.80436129944,1028800,0,0,0,0,0
63,7005,"523952",343.75509060706,3884.80436129944,0,1e+08,0,0,0,0
64,7006,"523953",353.75509060706,3884.80436129944,0,1e+08,0,0,0,0
65,7007,"523954",363.75509060706,3884.80436129944,563100,0,0,0,0,0
66,7008,"523954",373.75509060706,3884.80436129944,563100,0,0,0,0,0
67,7009,"523955",383.75509060706,3884.80436129944,6122100,0,0,0,0,0
68,7010,"523956",393.75509060706,3884.80436129944,10486600,325500,0,0,0,0
69,7011,"523957",403.75509060706,3884.80436129944,29631800,49000,0,0,0,0
70,7012,"524050",413.75509060706,3884.80436129944,30642400,894600,4,35,0,0
71,7013,"524051",423.75509060706,3884.80436129944,6585000,99200,0,0,0,0
72,7014,"524052",433.75509060706,3884.80436129944,3784500,27800,0,0,0,0
73,7015,"524053",443.75509060706,3884.80436129944,0,1e+08,0,0,0,0
74,7016,"524053",453.75509060706,3884.80436129944,0,1e+08,0,0,0,0
75,7017,"524054",463.75509060706,3884.80436129944,0,1e+08,0,0,0,0
76,7018,"524055",473.75509060706,3884.80436129944,0,1e+08,0,0,0,0
77,7019,"524056",483.75509060706,3884.80436129944,0,1e+08,0,0,0,0
78,7020,"524057",493.75509060706,3884.80436129944,0,1e+08,0,0,0,0
79,7116,"523863",263.75509060706,3894.80436129944,5047600,315400,0,0,0,0
80,7117,"523864",273.75509060706,3894.80436129944,21000400,2166500,0,0,0,0
81,7118,"523865",283.75509060706,3894.80436129944,40555200,284800,1,1,0,0
82,7119,"523865",293.75509060706,3894.80436129944,40555200,284800,10,212,2,2
83,7120,"523866",303.75509060706,3894.80436129944,4289200,19000,1,1,0,0
84,7121,"523867",313.75509060706,3894.80436129944,15705700,2807300,3,14,0,0
85,7122,"523960",323.75509060706,3894.80436129944,2538400,4841700,2,6,0,0
86,7123,"523961",333.75509060706,3894.80436129944,9213900,154700,0,0,0,0
87,7124,"523962",343.75509060706,3894.80436129944,0,1e+08,0,0,0,0
88,7125,"523963",353.75509060706,3894.80436129944,0,1e+08,0,0,0,0
89,7126,"523964",363.75509060706,3894.80436129944,3818800,11500,0,0,0,0
90,7127,"523964",373.75509060706,3894.80436129944,3818800,11500,2,6,5,5
91,7128,"523965",383.75509060706,3894.80436129944,14317300,231500,0,0,0,0
92,7129,"523966",393.75509060706,3894.80436129944,4158900,138000,0,0,0,0
93,7130,"523967",403.75509060706,3894.80436129944,19789400,903300,3,136,0,0
94,7131,"524060",413.75509060706,3894.80436129944,10154800,1588300,0,0,0,0
95,7132,"524061",423.75509060706,3894.80436129944,14732600,1082300,5,54,14,14
96,7133,"524062",433.75509060706,3894.80436129944,25993500,789600,0,0,0,0
97,7134,"524063",443.75509060706,3894.80436129944,3435300,93600,0,0,0,0
98,7135,"524063",453.75509060706,3894.80436129944,3435300,93600,0,0,0,0
99,7136,"524064",463.75509060706,3894.80436129944,0,1e+08,0,0,0,0
100,7137,"524065",473.75509060706,3894.80436129944,0,1e+08,0,0,0,0
101,7138,"524066",483.75509060706,3894.80436129944,0,1e+08,0,0,0,0
102,7139,"524067",493.75509060706,3894.80436129944,0,1e+08,0,0,0,0
103,7236,"523874",273.75509060706,3904.80436129944,21329600,1035200,0,0,0,0
104,7237,"523874",283.75509060706,3904.80436129944,21329600,1035200,0,0,0,0
105,7238,"523875",293.75509060706,3904.80436129944,4936600,0,10,110,157,123
106,7239,"523876",303.75509060706,3904.80436129944,2090000,31000,4,12,9,9
107,7240,"523877",313.75509060706,3904.80436129944,30033200,291400,0,0,0,0
108,7241,"523970",323.75509060706,3904.80436129944,12432700,360100,0,0,0,0
109,7242,"523971",333.75509060706,3904.80436129944,42470000,2741700,0,0,0,0
110,7243,"523972",343.75509060706,3904.80436129944,6307000,861300,3,7,0,0
111,7244,"523973",353.75509060706,3904.80436129944,1658500,343900,0,0,0,0
112,7245,"523974",363.75509060706,3904.80436129944,2244100,465100,0,0,0,0
113,7246,"523974",373.75509060706,3904.80436129944,2244100,465100,0,0,0,0
114,7247,"523975",383.75509060706,3904.80436129944,1087700,440000,0,0,0,0
115,7248,"523976",393.75509060706,3904.80436129944,13269500,485800,1,5,0,0
116,7249,"523977",403.75509060706,3904.80436129944,28984900,889600,0,0,0,0
117,7250,"524070",413.75509060706,3904.80436129944,23450000,1582000,0,0,0,0
118,7251,"524071",423.75509060706,3904.80436129944,27218300,1504100,0,0,0,0
119,7252,"524072",433.75509060706,3904.80436129944,41677700,1553900,0,0,0,0
120,7253,"524073",443.75509060706,3904.80436129944,12111400,1228300,0,0,0,0
121,7254,"524073",453.75509060706,3904.80436129944,12111400,1228300,0,0,0,0
122,7255,"524074",463.75509060706,3904.80436129944,0,1e+08,0,0,0,0
123,7256,"524075",473.75509060706,3904.80436129944,0,1e+08,0,0,0,0
124,7257,"524076",483.75509060706,3904.80436129944,0,1e+08,0,0,0,0
125,7258,"524077",493.75509060706,3904.80436129944,0,1e+08,0,0,0,0
126,7356,"533804",273.75509060706,3914.80436129944,5451600,397400,0,0,0,0
127,7357,"533804",283.75509060706,3914.80436129944,5451600,397400,6,111,155,144
128,7358,"533805",293.75509060706,3914.80436129944,2201000,0,10,138,2,2
129,7359,"533806",303.75509060706,3914.80436129944,90100,1119000,10,178,671,557
130,7360,"533807",313.75509060706,3914.80436129944,13219900,1708600,0,0,0,0
131,7361,"533900",323.75509060706,3914.80436129944,14575200,1520100,0,0,0,0
132,7362,"533901",333.75509060706,3914.80436129944,36154100,809000,2,2,0,0
133,7363,"533902",343.75509060706,3914.80436129944,45691700,2000200,0,0,0,0
134,7364,"533903",353.75509060706,3914.80436129944,32881900,689900,8,84,60,52
135,7365,"533904",363.75509060706,3914.80436129944,4199500,370900,4,58,45,38
136,7366,"533904",373.75509060706,3914.80436129944,4199500,370900,10,96,49,38
137,7367,"533905",383.75509060706,3914.80436129944,298300,282600,0,0,0,0
138,7368,"533906",393.75509060706,3914.80436129944,1083600,386500,0,0,0,0
139,7369,"533907",403.75509060706,3914.80436129944,33864800,1137900,0,0,0,0
140,7370,"534000",413.75509060706,3914.80436129944,41023500,588100,0,0,0,0
141,7371,"534001",423.75509060706,3914.80436129944,33966500,1594900,0,0,0,0
142,7372,"534002",433.75509060706,3914.80436129944,43965800,1019000,5,8,0,0
143,7373,"534003",443.75509060706,3914.80436129944,8172100,458900,4,6,0,0
144,7374,"534003",453.75509060706,3914.80436129944,8172100,458900,0,0,0,0
145,7375,"534004",463.75509060706,3914.80436129944,0,1e+08,0,0,0,0
146,7376,"534005",473.75509060706,3914.80436129944,0,1e+08,0,0,0,0
147,7377,"534006",483.75509060706,3914.80436129944,0,1e+08,0,0,0,0
148,7378,"534007",493.75509060706,3914.80436129944,0,1e+08,0,0,0,0
149,7475,"533814",273.75509060706,3924.80436129944,6544400,5184000,0,0,0,0
150,7476,"533814",283.75509060706,3924.80436129944,6544400,5184000,10,445,276,229
151,7477,"533815",293.75509060706,3924.80436129944,6108200,1305600,10,143,437,394
152,7478,"533816",303.75509060706,3924.80436129944,18276400,2578000,10,117,43,40
153,7479,"533817",313.75509060706,3924.80436129944,4120900,1809700,10,136,467,302
154,7480,"533910",323.75509060706,3924.80436129944,150900,10500,0,0,0,0
155,7481,"533911",333.75509060706,3924.80436129944,298200,92700,0,0,0,0
156,7482,"533912",343.75509060706,3924.80436129944,23988600,1628600,9,109,117,90
157,7483,"533913",353.75509060706,3924.80436129944,23098700,1263300,10,456,925,753
158,7484,"533913",363.75509060706,3924.80436129944,23098700,1263300,10,414,742,544
159,7485,"533914",373.75509060706,3924.80436129944,7213700,740200,4,11,0,0
160,7486,"533915",383.75509060706,3924.80436129944,142000,4793000,0,0,0,0
161,7487,"533916",393.75509060706,3924.80436129944,0,2600,0,0,0,0
162,7488,"533917",403.75509060706,3924.80436129944,15846700,905400,0,0,0,0
163,7489,"534010",413.75509060706,3924.80436129944,41411200,1151900,0,0,0,0
164,7490,"534011",423.75509060706,3924.80436129944,34532100,1151300,0,0,0,0
165,7491,"534012",433.75509060706,3924.80436129944,54932600,479500,1,1,0,0
166,7492,"534013",443.75509060706,3924.80436129944,20011900,356200,0,0,0,0
167,7493,"534013",453.75509060706,3924.80436129944,20011900,356200,0,0,0,0
168,7494,"534014",463.75509060706,3924.80436129944,0,1e+08,0,0,0,0
169,7495,"534015",473.75509060706,3924.80436129944,0,1e+08,0,0,0,0
170,7496,"534016",483.75509060706,3924.80436129944,0,1e+08,0,0,0,0
171,7497,"534017",493.75509060706,3924.80436129944,0,1e+08,0,0,0,0
172,7593,"533824",273.75509060706,3934.80436129944,20558800,895200,0,0,0,0
173,7594,"533824",283.75509060706,3934.80436129944,20558800,895200,0,0,0,0
174,7595,"533825",293.75509060706,3934.80436129944,6531200,3570800,0,0,0,0
175,7596,"533826",303.75509060706,3934.80436129944,7505700,2975800,8,20,8,8
176,7597,"533827",313.75509060706,3934.80436129944,12364200,388900,0,0,0,0
177,7598,"533920",323.75509060706,3934.80436129944,6500600,404900,0,0,0,0
178,7599,"533921",333.75509060706,3934.80436129944,6033300,4864300,4,46,8,7
179,7600,"533922",343.75509060706,3934.80436129944,26661300,1665200,10,325,1023,719
180,7601,"533923",353.75509060706,3934.80436129944,16735500,1091100,6,40,98,90
181,7602,"533923",363.75509060706,3934.80436129944,16735500,1091100,0,0,0,0
182,7603,"533924",373.75509060706,3934.80436129944,18279900,1298600,0,0,0,0
183,7604,"533925",383.75509060706,3934.80436129944,3997800,5427500,9,42,118,118
184,7605,"533926",393.75509060706,3934.80436129944,501600,7122100,0,0,0,0
185,7606,"533927",403.75509060706,3934.80436129944,0,1e+08,0,0,0,0
186,7607,"534020",413.75509060706,3934.80436129944,10215900,1669000,0,0,0,0
187,7608,"534021",423.75509060706,3934.80436129944,33261300,747000,0,0,0,0
188,7609,"534022",433.75509060706,3934.80436129944,48995100,548000,0,0,0,0
189,7610,"534023",443.75509060706,3934.80436129944,51245900,579600,0,0,0,0
190,7611,"534023",453.75509060706,3934.80436129944,51245900,579600,2,2,0,0
191,7612,"534024",463.75509060706,3934.80436129944,0,0,0,0,0,0
192,7613,"534025",473.75509060706,3934.80436129944,0,1e+08,0,0,0,0
193,7614,"534026",483.75509060706,3934.80436129944,0,1e+08,0,0,0,0
194,7615,"534027",493.75509060706,3934.80436129944,0,1e+08,0,0,0,0
195,7708,"533833",263.75509060706,3944.80436129944,41413600,78200,0,0,0,0
196,7709,"533834",273.75509060706,3944.80436129944,62334900,2016200,1,1,0,0
197,7710,"533834",283.75509060706,3944.80436129944,62334900,2016200,0,0,0,0
198,7711,"533835",293.75509060706,3944.80436129944,45915100,598400,0,0,0,0
199,7712,"533836",303.75509060706,3944.80436129944,2677300,181000,0,0,0,0
200,7713,"533837",313.75509060706,3944.80436129944,11162900,684700,1,2,0,0
201,7714,"533930",323.75509060706,3944.80436129944,15095000,1050400,2,19,43,37
202,7715,"533931",333.75509060706,3944.80436129944,9380600,3377400,0,0,0,0
203,7716,"533932",343.75509060706,3944.80436129944,12399400,2514000,9,93,165,148
204,7717,"533933",353.75509060706,3944.80436129944,14451800,1618300,10,50,164,134
205,7718,"533933",363.75509060706,3944.80436129944,14451800,1618300,10,716,760,613
206,7719,"533934",373.75509060706,3944.80436129944,10145700,2230400,9,65,80,76
207,7720,"533935",383.75509060706,3944.80436129944,1796800,2132600,10,60,150,139
208,7721,"533936",393.75509060706,3944.80436129944,5432300,9823400,8,33,11,10
209,7722,"533937",403.75509060706,3944.80436129944,1525700,1681200,10,544,37,33
210,7723,"534030",413.75509060706,3944.80436129944,5665300,847400,2,15,0,0
211,7724,"534031",423.75509060706,3944.80436129944,32298400,181200,0,0,0,0
212,7725,"534032",433.75509060706,3944.80436129944,53679200,59300,0,0,0,0
213,7726,"534033",443.75509060706,3944.80436129944,62145100,276900,0,0,0,0
214,7727,"534033",453.75509060706,3944.80436129944,62145100,276900,0,0,0,0
215,7728,"534034",463.75509060706,3944.80436129944,29639100,663800,0,0,0,0
216,7729,"534035",473.75509060706,3944.80436129944,0,1e+08,2,2,0,0
217,7730,"534036",483.75509060706,3944.80436129944,0,1e+08,0,0,0,0
218,7731,"534037",493.75509060706,3944.80436129944,0,1e+08,0,0,0,0
219,7824,"533844",283.75509060706,3954.80436129944,22081800,850500,0,0,0,0
220,7825,"533845",293.75509060706,3954.80436129944,55759700,1235700,0,0,0,0
221,7826,"533846",303.75509060706,3954.80436129944,7183700,986200,0,0,0,0
222,7827,"533847",313.75509060706,3954.80436129944,1960600,653900,0,0,0,0
223,7828,"533940",323.75509060706,3954.80436129944,7881600,1400,0,0,0,0
224,7829,"533941",333.75509060706,3954.80436129944,3974500,301900,0,0,0,0
225,7830,"533942",343.75509060706,3954.80436129944,19075000,2714500,10,112,684,533
226,7831,"533943",353.75509060706,3954.80436129944,15628200,613000,10,126,532,453
227,7832,"533943",363.75509060706,3954.80436129944,15628200,613000,4,8,1,1
228,7833,"533944",373.75509060706,3954.80436129944,9441600,507400,1,2,0,0
229,7834,"533945",383.75509060706,3954.80436129944,423900,1509400,10,44,38,34
230,7835,"533946",393.75509060706,3954.80436129944,2355700,9710600,1,2,0,0
231,7836,"533947",403.75509060706,3954.80436129944,20592400,4803300,9,33,0,0
232,7837,"534040",413.75509060706,3954.80436129944,35037700,1120600,0,0,0,0
233,7838,"534041",423.75509060706,3954.80436129944,49324400,2015000,8,49,10,10
234,7839,"534042",433.75509060706,3954.80436129944,66465700,122400,0,0,0,0
235,7840,"534043",443.75509060706,3954.80436129944,59544600,361600,0,0,0,0
236,7841,"534043",453.75509060706,3954.80436129944,59544600,361600,0,0,0,0
237,7842,"534044",463.75509060706,3954.80436129944,71080100,662500,0,0,0,0
238,7843,"534045",473.75509060706,3954.80436129944,48616200,399300,0,0,0,0
239,7844,"534046",483.75509060706,3954.80436129944,21751000,4663300,3,11,0,0
240,7845,"534047",493.75509060706,3954.80436129944,0,0,0,0,0,0
241,7934,"533854",283.75509060706,3964.80436129944,3296200,749000,0,0,0,0
242,7935,"533855",293.75509060706,3964.80436129944,8961100,25200,0,0,0,0
243,7936,"533856",303.75509060706,3964.80436129944,1279400,193400,0,0,0,0
244,7937,"533857",313.75509060706,3964.80436129944,2231500,794600,1,1,0,0
245,7938,"533950",323.75509060706,3964.80436129944,882600,3551600,2,7,4,4
246,7939,"533951",333.75509060706,3964.80436129944,2835900,600700,0,0,0,0
247,7940,"533952",343.75509060706,3964.80436129944,23625500,722000,10,49,147,108
248,7941,"533953",353.75509060706,3964.80436129944,30808700,3163800,10,653,1168,881
249,7942,"533953",363.75509060706,3964.80436129944,30808700,3163800,0,0,0,0
250,7943,"533954",373.75509060706,3964.80436129944,36008600,897700,5,41,26,20
251,7944,"533955",383.75509060706,3964.80436129944,9001000,3812700,0,0,0,0
252,7945,"533956",393.75509060706,3964.80436129944,15525100,4425400,0,0,0,0
253,7946,"533957",403.75509060706,3964.80436129944,35970800,1298700,6,10,9,9
254,7947,"534050",413.75509060706,3964.80436129944,52227500,834100,10,137,8,8
255,7948,"534051",423.75509060706,3964.80436129944,51696500,5386300,10,12,0,0
256,7949,"534052",433.75509060706,3964.80436129944,45016900,3278500,10,153,24,24
257,7950,"534053",443.75509060706,3964.80436129944,53792800,77000,0,0,0,0
258,7951,"534053",453.75509060706,3964.80436129944,53792800,77000,0,0,0,0
259,7952,"534054",463.75509060706,3964.80436129944,62411000,169100,7,32,0,0
260,7953,"534055",473.75509060706,3964.80436129944,62820200,5047200,0,0,0,0
261,7954,"534056",483.75509060706,3964.80436129944,22457100,5061000,0,0,0,0
262,7955,"534057",493.75509060706,3964.80436129944,0,1e+08,0,0,0,0
263,8029,"533863",263.75509060706,3974.80436129944,35888300,432900,7,17,22,22
264,8030,"533863",273.75509060706,3974.80436129944,35888300,432900,0,0,0,0
265,8031,"533864",283.75509060706,3974.80436129944,3761100,420300,1,1,0,0
266,8032,"533865",293.75509060706,3974.80436129944,0,30700,0,0,0,0
267,8033,"533866",303.75509060706,3974.80436129944,248100,562500,10,97,24,24
268,8034,"533867",313.75509060706,3974.80436129944,107000,207400,0,0,0,0
269,8035,"533960",323.75509060706,3974.80436129944,417300,38400,0,0,0,0
270,8036,"533961",333.75509060706,3974.80436129944,4857000,347700,1,5,0,0
271,8037,"533962",343.75509060706,3974.80436129944,28333200,1109700,4,8,0,0
272,8038,"533963",353.75509060706,3974.80436129944,46138800,790800,10,54,170,157
273,8039,"533963",363.75509060706,3974.80436129944,46138800,790800,1,2,0,0
274,8040,"533964",373.75509060706,3974.80436129944,49502900,2014100,2,2,0,0
275,8041,"533965",383.75509060706,3974.80436129944,43876500,327000,4,5,1,1
276,8042,"533966",393.75509060706,3974.80436129944,55240700,2939100,5,84,38,31
277,8043,"533967",403.75509060706,3974.80436129944,42486800,1548900,10,321,73,54
278,8044,"534060",413.75509060706,3974.80436129944,46680500,6779300,9,63,46,34
279,8045,"534061",423.75509060706,3974.80436129944,68128200,4896600,10,155,224,199
280,8046,"534062",433.75509060706,3974.80436129944,72001000,4555300,10,24,70,64
281,8047,"534063",443.75509060706,3974.80436129944,55671800,3478600,10,240,3,3
282,8048,"534063",453.75509060706,3974.80436129944,55671800,3478600,0,0,0,0
283,8049,"534074",463.75509060706,3974.80436129944,54889000,16715100,2,11,0,0
284,8050,"534075",473.75509060706,3974.80436129944,11313700,889700,0,0,0,0
285,8051,"534076",483.75509060706,3974.80436129944,0,1e+08,0,0,0,0
286,8052,"534077",493.75509060706,3974.80436129944,0,1e+08,0,0,0,0
287,8118,"533873",263.75509060706,3984.80436129944,16549800,24800,0,0,0,0
288,8119,"533873",273.75509060706,3984.80436129944,16549800,24800,10,578,657,549
289,8120,"533874",283.75509060706,3984.80436129944,18776900,549600,0,0,0,0
290,8121,"533875",293.75509060706,3984.80436129944,6545600,144700,0,0,0,0
291,8122,"533876",303.75509060706,3984.80436129944,397000,461300,0,0,0,0
292,8123,"533877",313.75509060706,3984.80436129944,4407700,1755200,0,0,0,0
293,8124,"533970",323.75509060706,3984.80436129944,11871200,704100,1,23,20,13
294,8125,"533971",333.75509060706,3984.80436129944,4486700,0,2,3,1,1
295,8126,"533972",343.75509060706,3984.80436129944,34874200,537600,0,0,0,0
296,8127,"533973",353.75509060706,3984.80436129944,65436700,975600,10,150,422,345
297,8128,"533973",363.75509060706,3984.80436129944,65436700,975600,0,0,0,0
298,8129,"533974",373.75509060706,3984.80436129944,55873200,1243500,0,0,0,0
299,8130,"543905",383.75509060706,3984.80436129944,60583900,947600,0,0,0,0
300,8131,"543906",393.75509060706,3984.80436129944,71372200,3979100,0,0,0,0
301,8132,"543907",403.75509060706,3984.80436129944,55118600,2637700,1,2,0,0
302,8133,"544000",413.75509060706,3984.80436129944,62188400,1592300,7,25,72,66
303,8134,"544001",423.75509060706,3984.80436129944,42767700,10514300,10,145,65,60
304,8135,"544002",433.75509060706,3984.80436129944,37135500,45573200,1,1,0,0
305,8136,"544003",443.75509060706,3984.80436129944,30756000,55165200,0,0,0,0
306,8137,"544003",453.75509060706,3984.80436129944,30756000,55165200,1,14,0,0
307,8138,"544004",463.75509060706,3984.80436129944,42459300,19965400,0,0,0,0
308,8139,"544005",473.75509060706,3984.80436129944,3680000,0,0,0,0,0
309,8140,"544006",483.75509060706,3984.80436129944,0,1e+08,0,0,0,0
310,8141,"544007",493.75509060706,3984.80436129944,0,1e+08,0,0,0,0
311,8208,"543804",283.75509060706,3994.80436129944,11711700,168100,0,0,0,0
312,8209,"543805",293.75509060706,3994.80436129944,61500,0,0,0,0,0
313,8210,"543806",303.75509060706,3994.80436129944,2543200,172500,0,0,0,0
314,8211,"543807",313.75509060706,3994.80436129944,12377100,295100,0,0,0,0
315,8212,"543900",323.75509060706,3994.80436129944,27311800,1830300,0,0,0,0
316,8213,"543911",333.75509060706,3994.80436129944,40664900,1408200,1,3,0,0
317,8214,"543912",343.75509060706,3994.80436129944,54621900,1697000,0,0,0,0
318,8215,"543913",353.75509060706,3994.80436129944,64232100,1105300,0,0,0,0
319,8216,"543913",363.75509060706,3994.80436129944,64232100,1105300,3,4,1,1
320,8217,"543914",373.75509060706,3994.80436129944,84899400,176500,0,0,0,0
321,8218,"543915",383.75509060706,3994.80436129944,72163200,2857700,0,0,0,0
322,8219,"543916",393.75509060706,3994.80436129944,59824400,2275000,7,23,13,13
323,8220,"543917",403.75509060706,3994.80436129944,69494400,1851600,0,0,0,0
324,8221,"544010",413.75509060706,3994.80436129944,61973000,823100,0,0,0,0
325,8222,"544011",423.75509060706,3994.80436129944,56156900,699600,10,140,727,684
326,8223,"544012",433.75509060706,3994.80436129944,61482700,13670800,0,0,0,0
327,8224,"544013",443.75509060706,3994.80436129944,52169500,11117000,0,0,0,0
328,8225,"544013",453.75509060706,3994.80436129944,52169500,11117000,0,0,0,0
329,8226,"544014",463.75509060706,3994.80436129944,35485800,4611400,0,0,0,0
330,8227,"544015",473.75509060706,3994.80436129944,0,1e+08,0,0,0,0
331,8228,"544016",483.75509060706,3994.80436129944,0,1e+08,0,0,0,0
332,8229,"544017",493.75509060706,3994.80436129944,0,1e+08,0,0,0,0
333,8295,"543813",273.75509060706,4004.80436129944,26655700,511600,0,0,0,0
334,8296,"543814",283.75509060706,4004.80436129944,9537800,119400,0,0,0,0
335,8297,"543815",293.75509060706,4004.80436129944,7890400,5700,0,0,0,0
336,8298,"543826",303.75509060706,4004.80436129944,23026600,1695000,0,0,0,0
337,8299,"543827",313.75509060706,4004.80436129944,30807600,296900,0,0,0,0
338,8300,"543920",323.75509060706,4004.80436129944,48453500,1758800,0,0,0,0
339,8301,"543921",333.75509060706,4004.80436129944,74054900,1125500,8,84,89,76
340,8302,"543922",343.75509060706,4004.80436129944,72020500,3287700,1,1,1,1
341,8303,"543922",353.75509060706,4004.80436129944,72020500,3287700,2,8,1,1
342,8304,"543923",363.75509060706,4004.80436129944,75174800,5910100,0,0,0,0
343,8305,"543924",373.75509060706,4004.80436129944,65845300,5262600,0,0,0,0
344,8306,"543925",383.75509060706,4004.80436129944,50797400,4626300,0,0,0,0
345,8307,"543926",393.75509060706,4004.80436129944,73961000,59500,0,0,0,0
346,8308,"543927",403.75509060706,4004.80436129944,75623700,1914800,0,0,0,0
347,8309,"544020",413.75509060706,4004.80436129944,48880000,911400,0,0,0,0
348,8310,"544021",423.75509060706,4004.80436129944,41314600,182900,10,160,26,22
349,8311,"544022",433.75509060706,4004.80436129944,61877000,159000,0,0,0,0
350,8312,"544022",443.75509060706,4004.80436129944,61877000,159000,0,0,0,0
351,8313,"544023",453.75509060706,4004.80436129944,67755300,377300,0,0,0,0
352,8314,"544024",463.75509060706,4004.80436129944,35243400,3700,0,0,0,0
353,8315,"544025",473.75509060706,4004.80436129944,0,1e+08,0,0,0,0
354,8316,"544026",483.75509060706,4004.80436129944,0,1e+08,0,0,0,0
355,8317,"544027",493.75509060706,4004.80436129944,0,1e+08,0,0,0,0
356,8382,"543834",283.75509060706,4014.80436129944,21776000,487100,0,0,0,0
357,8383,"543835",293.75509060706,4014.80436129944,4722900,238400,0,0,0,0
358,8384,"543836",303.75509060706,4014.80436129944,52960100,1919400,0,0,0,0
359,8385,"543837",313.75509060706,4014.80436129944,46676900,4465600,0,0,0,0
360,8386,"543930",323.75509060706,4014.80436129944,52454000,2499400,0,0,0,0
361,8387,"543931",333.75509060706,4014.80436129944,61011700,5853500,2,2,0,0
362,8388,"543932",343.75509060706,4014.80436129944,72638700,504500,0,0,0,0
363,8389,"543932",353.75509060706,4014.80436129944,72638700,504500,8,27,0,0
364,8390,"543933",363.75509060706,4014.80436129944,58649500,891000,1,1,0,0
365,8391,"543934",373.75509060706,4014.80436129944,63422000,1807700,0,0,0,0
366,8392,"543935",383.75509060706,4014.80436129944,65686400,1277700,10,231,243,201
367,8393,"543936",393.75509060706,4014.80436129944,60721100,968000,1,3,0,0
368,8394,"543937",403.75509060706,4014.80436129944,72378100,1892800,0,0,0,0
369,8395,"544030",413.75509060706,4014.80436129944,66456300,563500,0,0,0,0
370,8396,"544031",423.75509060706,4014.80436129944,26534500,9200,0,0,0,0
371,8397,"544032",433.75509060706,4014.80436129944,64689200,543400,0,0,0,0
372,8398,"544032",443.75509060706,4014.80436129944,64689200,543400,0,0,0,0
373,8399,"544033",453.75509060706,4014.80436129944,66893600,4115100,0,0,0,0
374,8400,"544034",463.75509060706,4014.80436129944,28991400,6255700,1,1,1,1
375,8401,"544035",473.75509060706,4014.80436129944,0,1e+08,0,0,0,0
376,8402,"544036",483.75509060706,4014.80436129944,0,1e+08,0,0,0,0
377,8403,"544037",493.75509060706,4014.80436129944,0,1e+08,0,0,0,0
378,8465,"543843",273.75509060706,4024.80436129944,28734700,108300,4,32,92,79
379,8466,"543844",283.75509060706,4024.80436129944,5079900,54800,5,29,0,0
380,8467,"543845",293.75509060706,4024.80436129944,1657300,245300,4,35,67,55
381,8468,"543846",303.75509060706,4024.80436129944,25226300,553300,0,0,0,0
382,8469,"543847",313.75509060706,4024.80436129944,56319500,1402100,0,0,0,0
383,8470,"543940",323.75509060706,4024.80436129944,50764500,1703900,0,0,0,0
384,8471,"543941",333.75509060706,4024.80436129944,79090100,1058100,2,2,0,0
385,8472,"543942",343.75509060706,4024.80436129944,51682500,1256300,0,0,0,0
386,8473,"543942",353.75509060706,4024.80436129944,51682500,1256300,0,0,0,0
387,8474,"543943",363.75509060706,4024.80436129944,22286500,707600,0,0,0,0
388,8475,"543944",373.75509060706,4024.80436129944,27911600,1291000,0,0,0,0
389,8476,"543945",383.75509060706,4024.80436129944,37430300,492700,0,0,0,0
390,8477,"543946",393.75509060706,4024.80436129944,72880600,1332000,0,0,0,0
391,8478,"543947",403.75509060706,4024.80436129944,77167900,2123900,0,0,0,0
392,8479,"544040",413.75509060706,4024.80436129944,51630400,623300,0,0,0,0
393,8480,"544041",423.75509060706,4024.80436129944,37367700,367700,0,0,0,0
394,8481,"544042",433.75509060706,4024.80436129944,44967700,554000,0,0,0,0
395,8482,"544042",443.75509060706,4024.80436129944,44967700,554000,0,0,0,0
396,8483,"544043",453.75509060706,4024.80436129944,46351400,1561900,0,0,0,0
397,8484,"544044",463.75509060706,4024.80436129944,47350300,2009500,0,0,0,0
398,8485,"544045",473.75509060706,4024.80436129944,6500,0,0,0,0,0
399,8486,"544046",483.75509060706,4024.80436129944,0,1e+08,0,0,0,0
400,8487,"544047",493.75509060706,4024.80436129944,0,1e+08,0,0,0,0
401,8549,"543853",273.75509060706,4034.80436129944,20763500,757800,0,0,0,0
402,8550,"543854",283.75509060706,4034.80436129944,20719900,35200,0,0,0,0
403,8551,"543855",293.75509060706,4034.80436129944,1456700,5900,0,0,0,0
404,8552,"543856",303.75509060706,4034.80436129944,11953300,1351100,0,0,0,0
405,8553,"543857",313.75509060706,4034.80436129944,21370200,161700,0,0,0,0
406,8554,"543950",323.75509060706,4034.80436129944,62194600,2326400,0,0,0,0
407,8555,"543951",333.75509060706,4034.80436129944,49414700,235300,0,0,0,0
408,8556,"543952",343.75509060706,4034.80436129944,16427500,1232700,0,0,0,0
409,8557,"543952",353.75509060706,4034.80436129944,16427500,1232700,0,0,0,0
410,8558,"543953",363.75509060706,4034.80436129944,5268400,917200,0,0,0,0
411,8559,"543954",373.75509060706,4034.80436129944,9952400,185200,0,0,0,0
412,8560,"543955",383.75509060706,4034.80436129944,30422000,577200,0,0,0,0
413,8561,"543956",393.75509060706,4034.80436129944,65648200,1098200,0,0,0,0
414,8562,"543957",403.75509060706,4034.80436129944,65827600,2173600,0,0,0,0
415,8563,"544050",413.75509060706,4034.80436129944,66543500,856200,0,0,0,0
416,8564,"544051",423.75509060706,4034.80436129944,16696400,2200,0,0,0,0
417,8565,"544052",433.75509060706,4034.80436129944,21887100,305100,0,0,0,0
418,8566,"544052",443.75509060706,4034.80436129944,21887100,305100,0,0,0,0
419,8567,"544053",453.75509060706,4034.80436129944,64870700,1974800,0,0,0,0
420,8568,"544054",463.75509060706,4034.80436129944,47408200,1019100,0,0,0,0
421,8569,"544055",473.75509060706,4034.80436129944,0,0,0,0,0,0
422,8570,"544056",483.75509060706,4034.80436129944,0,1e+08,0,0,0,0
423,8571,"544057",493.75509060706,4034.80436129944,0,1e+08,0,0,0,0
424,8628,"543863",273.75509060706,4044.80436129944,8133700,85000,0,0,0,0
425,8629,"543864",283.75509060706,4044.80436129944,22133900,32300,0,0,0,0
426,8630,"543865",293.75509060706,4044.80436129944,8759100,76800,1,6,0,0
427,8631,"543866",303.75509060706,4044.80436129944,19985100,936100,0,0,0,0
428,8632,"543867",313.75509060706,4044.80436129944,21006600,848200,0,0,0,0
429,8633,"543960",323.75509060706,4044.80436129944,35276200,2308400,0,0,0,0
430,8634,"543961",333.75509060706,4044.80436129944,1076600,916900,0,0,0,0
431,8635,"543962",343.75509060706,4044.80436129944,14876100,1560700,0,0,0,0
432,8636,"543962",353.75509060706,4044.80436129944,14876100,1560700,0,0,0,0
433,8637,"543963",363.75509060706,4044.80436129944,1665100,638500,0,0,0,0
434,8638,"543964",373.75509060706,4044.80436129944,5167500,31500,0,0,0,0
435,8639,"543965",383.75509060706,4044.80436129944,27490700,671500,0,0,0,0
436,8640,"543966",393.75509060706,4044.80436129944,47815300,577500,0,0,0,0
437,8641,"543967",403.75509060706,4044.80436129944,47031100,2312300,0,0,0,0
438,8642,"544060",413.75509060706,4044.80436129944,62377700,712300,0,0,0,0
439,8643,"544061",423.75509060706,4044.80436129944,31082200,986100,1,1,0,0
440,8644,"544062",433.75509060706,4044.80436129944,28753800,1530100,0,0,0,0
441,8645,"544062",443.75509060706,4044.80436129944,28753800,1530100,0,0,0,0
442,8646,"544063",453.75509060706,4044.80436129944,51905100,1660400,0,0,0,0
443,8647,"544064",463.75509060706,4044.80436129944,36528700,683000,4,33,24,21
444,8648,"544065",473.75509060706,4044.80436129944,386500,6700,0,0,0,0
445,8649,"544066",483.75509060706,4044.80436129944,0,1e+08,0,0,0,0
446,8650,"544067",493.75509060706,4044.80436129944,0,1e+08,0,0,0,0
447,8703,"543873",273.75509060706,4054.80436129944,236600,15800,0,0,0,0
448,8704,"543874",283.75509060706,4054.80436129944,4032000,98500,0,0,0,0
449,8705,"543875",293.75509060706,4054.80436129944,4463800,204500,0,0,0,0
450,8706,"543876",303.75509060706,4054.80436129944,20946100,353500,0,0,0,0
451,8707,"543877",313.75509060706,4054.80436129944,14632200,11000,0,0,0,0
452,8708,"543970",323.75509060706,4054.80436129944,45448100,2853700,7,54,83,73
453,8709,"543971",333.75509060706,4054.80436129944,13433100,1685700,0,0,0,0
454,8710,"543972",343.75509060706,4054.80436129944,523200,0,0,0,0,0
455,8711,"543972",353.75509060706,4054.80436129944,523200,0,0,0,0,0
456,8712,"543973",363.75509060706,4054.80436129944,1060200,497600,0,0,0,0
457,8713,"543974",373.75509060706,4054.80436129944,2079400,28300,0,0,0,0
458,8714,"543975",383.75509060706,4054.80436129944,21488400,490900,0,0,0,0
459,8715,"543976",393.75509060706,4054.80436129944,33137500,139200,0,0,0,0
460,8716,"543977",403.75509060706,4054.80436129944,56544500,1542800,0,0,0,0
461,8717,"544070",413.75509060706,4054.80436129944,58205600,427900,0,0,0,0
462,8718,"544071",423.75509060706,4054.80436129944,23578200,1372000,0,0,0,0
463,8719,"544072",433.75509060706,4054.80436129944,20904400,355900,0,0,0,0
464,8720,"544072",443.75509060706,4054.80436129944,20904400,355900,0,0,0,0
465,8721,"544073",453.75509060706,4054.80436129944,31128800,1192500,0,0,0,0
466,8722,"544074",463.75509060706,4054.80436129944,13809300,42200,0,0,0,0
467,8723,"544075",473.75509060706,4054.80436129944,5575600,84600,0,0,0,0
468,8724,"544076",483.75509060706,4054.80436129944,0,1e+08,0,0,0,0
469,8725,"544077",493.75509060706,4054.80436129944,0,1e+08,0,0,0,0
470,8778,"553803",273.75509060706,4064.80436129944,10141900,423400,0,0,0,0
471,8779,"553804",283.75509060706,4064.80436129944,0,190900,0,0,0,0
472,8780,"553805",293.75509060706,4064.80436129944,0,1821300,0,0,0,0
473,8781,"553806",303.75509060706,4064.80436129944,859600,463300,0,0,0,0
474,8782,"553807",313.75509060706,4064.80436129944,24210400,2089900,0,0,0,0
475,8783,"553900",323.75509060706,4064.80436129944,32544000,93500,0,0,0,0
476,8784,"553901",333.75509060706,4064.80436129944,14874800,527300,0,0,0,0
477,8785,"553902",343.75509060706,4064.80436129944,483700,0,0,0,0,0
478,8786,"553902",353.75509060706,4064.80436129944,483700,0,0,0,0,0
479,8787,"553903",363.75509060706,4064.80436129944,94000,11077400,0,0,0,0
480,8788,"553904",373.75509060706,4064.80436129944,963500,178800,0,0,0,0
481,8789,"553905",383.75509060706,4064.80436129944,27068500,454700,0,0,0,0
482,8790,"553906",393.75509060706,4064.80436129944,33071200,1166300,0,0,0,0
483,8791,"553907",403.75509060706,4064.80436129944,64078100,2583200,0,0,0,0
484,8792,"554000",413.75509060706,4064.80436129944,47631000,696600,0,0,0,0
485,8793,"554001",423.75509060706,4064.80436129944,23539600,1712000,0,0,0,0
486,8794,"554002",433.75509060706,4064.80436129944,7179000,60000,0,0,0,0
487,8795,"554002",443.75509060706,4064.80436129944,7179000,60000,0,0,0,0
488,8796,"554003",453.75509060706,4064.80436129944,17138000,657500,0,0,0,0
489,8797,"554004",463.75509060706,4064.80436129944,7854000,124500,0,0,0,0
490,8798,"554005",473.75509060706,4064.80436129944,17953800,336000,0,0,0,0
491,8799,"554006",483.75509060706,4064.80436129944,0,1e+08,0,0,0,0
492,8800,"554007",493.75509060706,4064.80436129944,0,1e+08,0,0,0,0
493,8801,"554100",503.75509060706,4064.80436129944,0,1e+08,0,0,0,0
494,8802,"554101",513.75509060706,4064.80436129944,0,1e+08,0,0,0,0
495,8803,"554102",523.75509060706,4064.80436129944,0,1e+08,0,0,0,0
496,8804,"554103",533.75509060706,4064.80436129944,0,1e+08,0,0,0,0
497,8805,"554103",543.75509060706,4064.80436129944,0,1e+08,0,0,0,0
498,8851,"553813",273.75509060706,4074.80436129944,15752700,128300,0,0,0,0
499,8852,"553814",283.75509060706,4074.80436129944,70700,123700,0,0,0,0
500,8853,"553815",293.75509060706,4074.80436129944,10000,420700,0,0,0,0
501,8854,"553816",303.75509060706,4074.80436129944,0,407700,0,0,0,0
502,8855,"553817",313.75509060706,4074.80436129944,1160600,49000,0,0,0,0
503,8856,"553910",323.75509060706,4074.80436129944,664200,1523700,0,0,0,0
504,8857,"553911",333.75509060706,4074.80436129944,12115100,135000,0,0,0,0
505,8858,"553911",343.75509060706,4074.80436129944,12115100,135000,0,0,0,0
506,8859,"553912",353.75509060706,4074.80436129944,1875900,1257500,2,2,0,0
507,8860,"553913",363.75509060706,4074.80436129944,768400,1235400,2,4,0,0
508,8861,"553914",373.75509060706,4074.80436129944,153500,114900,0,0,0,0
509,8862,"553915",383.75509060706,4074.80436129944,10584700,1203500,0,0,0,0
510,8863,"553916",393.75509060706,4074.80436129944,21591400,1134900,0,0,0,0
511,8864,"553917",403.75509060706,4074.80436129944,42097400,994600,1,1,0,0
512,8865,"554010",413.75509060706,4074.80436129944,58111600,730800,0,0,0,0
513,8866,"554011",423.75509060706,4074.80436129944,26693900,820500,0,0,0,0
514,8867,"554012",433.75509060706,4074.80436129944,24345800,698900,0,0,0,0
515,8868,"554012",443.75509060706,4074.80436129944,24345800,698900,0,0,0,0
516,8869,"554013",453.75509060706,4074.80436129944,16987000,293900,0,0,0,0
517,8870,"554014",463.75509060706,4074.80436129944,4621500,0,0,0,0,0
518,8871,"554015",473.75509060706,4074.80436129944,18830700,1e+05,0,0,0,0
519,8872,"554016",483.75509060706,4074.80436129944,2323300,97600,0,0,0,0
520,8873,"554017",493.75509060706,4074.80436129944,0,1e+08,0,0,0,0
521,8874,"554110",503.75509060706,4074.80436129944,0,1e+08,0,0,0,0
522,8875,"554111",513.75509060706,4074.80436129944,0,1e+08,0,0,0,0
523,8876,"554112",523.75509060706,4074.80436129944,0,1e+08,0,0,0,0
524,8877,"554113",533.75509060706,4074.80436129944,0,1e+08,0,0,0,0
525,8878,"554113",543.75509060706,4074.80436129944,0,1e+08,0,0,0,0
526,8921,"553823",273.75509060706,4084.80436129944,33281000,1411000,1,1,0,0
527,8922,"553824",283.75509060706,4084.80436129944,737600,102700,0,0,0,0
528,8923,"553825",293.75509060706,4084.80436129944,649300,370000,0,0,0,0
529,8924,"553826",303.75509060706,4084.80436129944,2261400,4517800,0,0,0,0
530,8925,"553827",313.75509060706,4084.80436129944,97200,377100,0,0,0,0
531,8926,"553920",323.75509060706,4084.80436129944,1160800,3480000,0,0,0,0
532,8927,"553921",333.75509060706,4084.80436129944,39900,19800,0,0,0,0
533,8928,"553921",343.75509060706,4084.80436129944,39900,19800,0,0,0,0
534,8929,"553922",353.75509060706,4084.80436129944,0,21100,0,0,0,0
535,8930,"553923",363.75509060706,4084.80436129944,16100,360700,0,0,0,0
536,8931,"553924",373.75509060706,4084.80436129944,680300,1827500,0,0,0,0
537,8932,"553925",383.75509060706,4084.80436129944,2355900,891800,0,0,0,0
538,8933,"553926",393.75509060706,4084.80436129944,3223600,155800,0,0,0,0
539,8934,"553927",403.75509060706,4084.80436129944,52371800,477400,10,269,5,5
540,8935,"554020",413.75509060706,4084.80436129944,70668200,584600,0,0,0,0
541,8936,"554021",423.75509060706,4084.80436129944,12060000,172400,0,0,0,0
542,8937,"554022",433.75509060706,4084.80436129944,8433700,15800,0,0,0,0
543,8938,"554022",443.75509060706,4084.80436129944,8433700,15800,0,0,0,0
544,8939,"554023",453.75509060706,4084.80436129944,15767700,1208000,0,0,0,0
545,8940,"554024",463.75509060706,4084.80436129944,4544400,600,0,0,0,0
546,8941,"554025",473.75509060706,4084.80436129944,7541000,606800,0,0,0,0
547,8942,"554026",483.75509060706,4084.80436129944,11687100,912200,0,0,0,0
548,8943,"554027",493.75509060706,4084.80436129944,0,1e+08,0,0,0,0
549,8944,"554120",503.75509060706,4084.80436129944,0,1e+08,0,0,0,0
550,8945,"554121",513.75509060706,4084.80436129944,0,1e+08,0,0,0,0
551,8946,"554122",523.75509060706,4084.80436129944,0,1e+08,0,0,0,0
552,8947,"554123",533.75509060706,4084.80436129944,0,1e+08,0,0,0,0
553,8948,"554123",543.75509060706,4084.80436129944,0,1e+08,0,0,0,0
554,8988,"553833",273.75509060706,4094.80436129944,25255600,1638700,0,0,0,0
555,8989,"553834",283.75509060706,4094.80436129944,21737700,1329200,2,2,0,0
556,8990,"553835",293.75509060706,4094.80436129944,16670000,2680100,2,19,2,2
557,8991,"553836",303.75509060706,4094.80436129944,11652200,2755700,0,0,0,0
558,8992,"553837",313.75509060706,4094.80436129944,2949900,2380500,0,0,0,0
559,8993,"553930",323.75509060706,4094.80436129944,0,3885900,0,0,0,0
560,8994,"553931",333.75509060706,4094.80436129944,0,254000,0,0,0,0
561,8995,"553931",343.75509060706,4094.80436129944,0,254000,0,0,0,0
562,8996,"553932",353.75509060706,4094.80436129944,0,1853300,0,0,0,0
563,8997,"553933",363.75509060706,4094.80436129944,0,0,0,0,0,0
564,8998,"553934",373.75509060706,4094.80436129944,481800,34000,0,0,0,0
565,8999,"553935",383.75509060706,4094.80436129944,1342500,1990900,0,0,0,0
566,9000,"553936",393.75509060706,4094.80436129944,3034300,777900,0,0,0,0
567,9001,"553937",403.75509060706,4094.80436129944,27147300,363900,0,0,0,0
568,9002,"554030",413.75509060706,4094.80436129944,47657700,750800,0,0,0,0
569,9003,"554031",423.75509060706,4094.80436129944,18776200,227700,0,0,0,0
570,9004,"554032",433.75509060706,4094.80436129944,2297100,5200,0,0,0,0
571,9005,"554032",443.75509060706,4094.80436129944,2297100,5200,0,0,0,0
572,9006,"554033",453.75509060706,4094.80436129944,22476200,1067800,0,0,0,0
573,9007,"554034",463.75509060706,4094.80436129944,8697200,266600,0,0,0,0
574,9008,"554035",473.75509060706,4094.80436129944,10917800,1259500,0,0,0,0
575,9009,"554036",483.75509060706,4094.80436129944,23100100,901300,0,0,0,0
576,9010,"554037",493.75509060706,4094.80436129944,7592200,357700,0,0,0,0
577,9011,"554130",503.75509060706,4094.80436129944,0,1e+08,0,0,0,0
578,9012,"554131",513.75509060706,4094.80436129944,0,1e+08,0,0,0,0
579,9013,"554132",523.75509060706,4094.80436129944,0,1e+08,0,0,0,0
580,9014,"554133",533.75509060706,4094.80436129944,0,1e+08,0,0,0,0
581,9015,"554133",543.75509060706,4094.80436129944,0,1e+08,0,0,0,0
582,9016,"554134",553.75509060706,4094.80436129944,0,1e+08,0,0,0,0
583,9053,"553843",273.75509060706,4104.80436129945,32199900,237600,0,0,0,0
584,9054,"553844",283.75509060706,4104.80436129945,19433900,310000,3,7,0,0
585,9055,"553845",293.75509060706,4104.80436129945,35105600,6938700,0,0,0,0
586,9056,"553846",303.75509060706,4104.80436129945,33640700,1032400,0,0,0,0
587,9057,"553847",313.75509060706,4104.80436129945,15259100,2780000,0,0,0,0
588,9058,"553940",323.75509060706,4104.80436129945,0,55500,0,0,0,0
589,9059,"553941",333.75509060706,4104.80436129945,0,404800,0,0,0,0
590,9060,"553941",343.75509060706,4104.80436129945,0,404800,0,0,0,0
591,9061,"553942",353.75509060706,4104.80436129945,197000,436400,0,0,0,0
592,9062,"553943",363.75509060706,4104.80436129945,1169300,0,0,0,0,0
593,9063,"553944",373.75509060706,4104.80436129945,1488100,14400,0,0,0,0
594,9064,"553945",383.75509060706,4104.80436129945,742400,0,0,0,0,0
595,9065,"553956",393.75509060706,4104.80436129945,2185000,200100,0,0,0,0
596,9066,"553957",403.75509060706,4104.80436129945,0,1191400,0,0,0,0
597,9067,"554050",413.75509060706,4104.80436129945,15570900,325900,6,26,23,22
598,9068,"554051",423.75509060706,4104.80436129945,35670000,1455200,0,0,0,0
599,9069,"554052",433.75509060706,4104.80436129945,51365300,2882100,0,0,0,0
600,9070,"554052",443.75509060706,4104.80436129945,51365300,2882100,0,0,0,0
601,9071,"554053",453.75509060706,4104.80436129945,40669000,1790700,0,0,0,0
602,9072,"554054",463.75509060706,4104.80436129945,20003600,6200,0,0,0,0
603,9073,"554055",473.75509060706,4104.80436129945,4399200,2200,0,0,0,0
604,9074,"554056",483.75509060706,4104.80436129945,15031400,504100,0,0,0,0
605,9075,"554057",493.75509060706,4104.80436129945,20277300,392800,10,217,56,56
606,9076,"554150",503.75509060706,4104.80436129945,8600,11100,0,0,0,0
607,9077,"554151",513.75509060706,4104.80436129945,0,1e+08,0,0,0,0
608,9078,"554152",523.75509060706,4104.80436129945,0,1e+08,0,0,0,0
609,9079,"554153",533.75509060706,4104.80436129945,0,1e+08,0,0,0,0
610,9080,"554153",543.75509060706,4104.80436129945,0,1e+08,0,0,0,0
611,9081,"554154",553.75509060706,4104.80436129945,0,1e+08,0,0,0,0
612,9116,"553853",273.75509060706,4114.80436129945,48851100,864100,0,0,0,0
613,9117,"553854",283.75509060706,4114.80436129945,35008000,371600,0,0,0,0
614,9118,"553855",293.75509060706,4114.80436129945,29570700,4230500,1,1,0,0
615,9119,"553856",303.75509060706,4114.80436129945,20626500,321700,0,0,0,0
616,9120,"553857",313.75509060706,4114.80436129945,35351800,3257900,0,0,0,0
617,9121,"553950",323.75509060706,4114.80436129945,81300,136100,0,0,0,0
618,9122,"553951",333.75509060706,4114.80436129945,0,9760600,0,0,0,0
619,9123,"553951",343.75509060706,4114.80436129945,0,9760600,0,0,0,0
620,9124,"553962",353.75509060706,4114.80436129945,0,7100,0,0,0,0
621,9125,"553963",363.75509060706,4114.80436129945,0,35400,0,0,0,0
622,9126,"553964",373.75509060706,4114.80436129945,5408900,1109300,0,0,0,0
623,9127,"553965",383.75509060706,4114.80436129945,6335400,483900,0,0,0,0
624,9128,"553966",393.75509060706,4114.80436129945,21076600,701700,0,0,0,0
625,9129,"553967",403.75509060706,4114.80436129945,7657400,82800,0,0,0,0
626,9130,"554060",413.75509060706,4114.80436129945,2027000,396400,0,0,0,0
627,9131,"554061",423.75509060706,4114.80436129945,16456900,20100,0,0,0,0
628,9132,"554062",433.75509060706,4114.80436129945,62136100,1017100,0,0,0,0
629,9133,"554062",443.75509060706,4114.80436129945,62136100,1017100,0,0,0,0
630,9134,"554063",453.75509060706,4114.80436129945,49244500,1687500,0,0,0,0
631,9135,"554064",463.75509060706,4114.80436129945,30341700,191400,0,0,0,0
632,9136,"554065",473.75509060706,4114.80436129945,11804400,36500,0,0,0,0
633,9137,"554066",483.75509060706,4114.80436129945,1575100,75700,0,0,0,0
634,9138,"554067",493.75509060706,4114.80436129945,10619500,164000,0,0,0,0
635,9139,"554160",503.75509060706,4114.80436129945,1399700,15700,0,0,0,0
636,9140,"554161",513.75509060706,4114.80436129945,0,1e+08,0,0,0,0
637,9141,"554162",523.75509060706,4114.80436129945,0,1e+08,0,0,0,0
638,9142,"554163",533.75509060706,4114.80436129945,0,1e+08,0,0,0,0
639,9143,"554163",543.75509060706,4114.80436129945,0,1e+08,0,0,0,0
640,9144,"554164",553.75509060706,4114.80436129945,0,1e+08,0,0,0,0
641,9174,"553863",273.75509060706,4124.80436129945,33361600,1407500,0,0,0,0
642,9175,"553864",283.75509060706,4124.80436129945,18166200,235600,2,5,0,0
643,9176,"553865",293.75509060706,4124.80436129945,31828500,606200,3,9,1,1
644,9177,"553866",303.75509060706,4124.80436129945,28560100,2464600,0,0,0,0
645,9178,"553877",313.75509060706,4124.80436129945,26219200,1846300,0,0,0,0
646,9179,"553970",323.75509060706,4124.80436129945,5518600,2289200,0,0,0,0
647,9180,"553971",333.75509060706,4124.80436129945,0,3334100,0,0,0,0
648,9181,"553971",343.75509060706,4124.80436129945,0,3334100,0,0,0,0
649,9182,"553972",353.75509060706,4124.80436129945,2239500,7597700,0,0,0,0
650,9183,"553973",363.75509060706,4124.80436129945,6925300,1498500,0,0,0,0
651,9184,"553974",373.75509060706,4124.80436129945,5291800,842400,0,0,0,0
652,9185,"553975",383.75509060706,4124.80436129945,4018700,0,0,0,0,0
653,9186,"553976",393.75509060706,4124.80436129945,5904900,215900,0,0,0,0
654,9187,"553977",403.75509060706,4124.80436129945,7535100,1469500,0,0,0,0
655,9188,"554070",413.75509060706,4124.80436129945,2406300,1450700,0,0,0,0
656,9189,"554071",423.75509060706,4124.80436129945,24879800,306900,0,0,0,0
657,9190,"554072",433.75509060706,4124.80436129945,63091800,1964000,0,0,0,0
658,9191,"554072",443.75509060706,4124.80436129945,63091800,1964000,8,38,12,12
659,9192,"554073",453.75509060706,4124.80436129945,51086300,1291500,0,0,0,0
660,9193,"554074",463.75509060706,4124.80436129945,27594000,2400,0,0,0,0
661,9194,"554075",473.75509060706,4124.80436129945,17079100,61000,0,0,0,0
662,9195,"554076",483.75509060706,4124.80436129945,7268600,282500,0,0,0,0
663,9196,"554077",493.75509060706,4124.80436129945,11141300,502900,0,0,0,0
664,9197,"554170",503.75509060706,4124.80436129945,8170000,250600,0,0,0,0
665,9198,"554171",513.75509060706,4124.80436129945,0,1e+08,0,0,0,0
666,9199,"554172",523.75509060706,4124.80436129945,0,1e+08,0,0,0,0
667,9200,"554173",533.75509060706,4124.80436129945,0,1e+08,0,0,0,0
668,9201,"554173",543.75509060706,4124.80436129945,0,1e+08,0,0,0,0
669,9202,"554174",553.75509060706,4124.80436129945,0,1e+08,0,0,0,0
670,9228,"553873",273.75509060706,4134.80436129945,19139400,322800,0,0,0,0
671,9229,"563804",283.75509060706,4134.80436129945,31785300,657600,0,0,0,0
672,9230,"563805",293.75509060706,4134.80436129945,34160200,507500,0,0,0,0
673,9231,"563806",303.75509060706,4134.80436129945,53726200,3994800,5,13,6,6
674,9232,"563807",313.75509060706,4134.80436129945,23223600,42200,0,0,0,0
675,9233,"563900",323.75509060706,4134.80436129945,14537000,777200,0,0,0,0
676,9234,"563900",333.75509060706,4134.80436129945,14537000,777200,0,0,0,0
677,9235,"563901",343.75509060706,4134.80436129945,747700,442300,0,0,0,0
678,9236,"563902",353.75509060706,4134.80436129945,2828400,2424800,0,0,0,0
679,9237,"563903",363.75509060706,4134.80436129945,3822800,1704400,0,0,0,0
680,9238,"563904",373.75509060706,4134.80436129945,3787300,429900,0,0,0,0
681,9239,"563905",383.75509060706,4134.80436129945,2926100,44000,0,0,0,0
682,9240,"563906",393.75509060706,4134.80436129945,3391500,88300,0,0,0,0
683,9241,"563907",403.75509060706,4134.80436129945,4337900,570300,0,0,0,0
684,9242,"564000",413.75509060706,4134.80436129945,13909200,503800,0,0,0,0
685,9243,"564001",423.75509060706,4134.80436129945,11624100,142100,0,0,0,0
686,9244,"564002",433.75509060706,4134.80436129945,60050200,2095500,0,0,0,0
687,9245,"564002",443.75509060706,4134.80436129945,60050200,2095500,0,0,0,0
688,9246,"564003",453.75509060706,4134.80436129945,45202300,1831900,0,0,0,0
689,9247,"564004",463.75509060706,4134.80436129945,44974700,62100,0,0,0,0
690,9248,"564005",473.75509060706,4134.80436129945,17971900,111300,0,0,0,0
691,9249,"564006",483.75509060706,4134.80436129945,11912800,155600,0,0,0,0
692,9250,"564007",493.75509060706,4134.80436129945,25406500,662400,5,18,83,83
693,9251,"564100",503.75509060706,4134.80436129945,13367600,492000,2,3,0,0
694,9252,"564101",513.75509060706,4134.80436129945,0,1e+08,0,0,0,0
695,9253,"564102",523.75509060706,4134.80436129945,0,1e+08,0,0,0,0
696,9254,"564103",533.75509060706,4134.80436129945,0,1e+08,0,0,0,0
697,9255,"564103",543.75509060706,4134.80436129945,0,1e+08,0,0,0,0
698,9256,"564104",553.75509060706,4134.80436129945,0,1e+08,0,0,0,0
699,9282,"563813",273.75509060706,4144.80436129945,0,1e+08,0,0,0,0
700,9283,"563814",283.75509060706,4144.80436129945,3511500,8400,10,266,75,70
701,9284,"563815",293.75509060706,4144.80436129945,28832900,349000,0,0,0,0
702,9285,"563816",303.75509060706,4144.80436129945,46604800,4905900,1,1,0,0
703,9286,"563817",313.75509060706,4144.80436129945,37462100,466300,10,223,13,13
704,9287,"563910",323.75509060706,4144.80436129945,20953700,653100,0,0,0,0
705,9288,"563910",333.75509060706,4144.80436129945,20953700,653100,0,0,0,0
706,9289,"563911",343.75509060706,4144.80436129945,1900,105300,0,0,0,0
707,9290,"563912",353.75509060706,4144.80436129945,172800,0,0,0,0,0
708,9291,"563913",363.75509060706,4144.80436129945,484400,654200,0,0,0,0
709,9292,"563914",373.75509060706,4144.80436129945,4580100,5738500,0,0,0,0
710,9293,"563915",383.75509060706,4144.80436129945,8603100,1430700,0,0,0,0
711,9294,"563916",393.75509060706,4144.80436129945,42785600,464800,0,0,0,0
712,9295,"563917",403.75509060706,4144.80436129945,26284000,797500,0,0,0,0
713,9296,"564010",413.75509060706,4144.80436129945,11887100,58819400,2,4,0,0
714,9297,"564011",423.75509060706,4144.80436129945,6646600,18454700,0,0,0,0
715,9298,"564012",433.75509060706,4144.80436129945,51227700,893800,0,0,0,0
716,9299,"564012",443.75509060706,4144.80436129945,51227700,893800,1,1,0,0
717,9300,"564013",453.75509060706,4144.80436129945,58375800,1657400,0,0,0,0
718,9301,"564014",463.75509060706,4144.80436129945,50931300,400100,0,0,0,0
719,9302,"564015",473.75509060706,4144.80436129945,27778800,64600,0,0,0,0
720,9303,"564016",483.75509060706,4144.80436129945,8630300,158600,0,0,0,0
721,9304,"564017",493.75509060706,4144.80436129945,24206500,1521200,6,16,0,0
722,9305,"564110",503.75509060706,4144.80436129945,15492300,930600,1,1,0,0
723,9306,"564111",513.75509060706,4144.80436129945,0,1e+08,0,0,0,0
724,9307,"564112",523.75509060706,4144.80436129945,0,1e+08,0,0,0,0
725,9308,"564113",533.75509060706,4144.80436129945,0,1e+08,0,0,0,0
726,9309,"564113",543.75509060706,4144.80436129945,0,1e+08,0,0,0,0
727,9310,"564114",553.75509060706,4144.80436129945,0,1e+08,0,0,0,0
728,9335,"563823",273.75509060706,4154.80436129945,0,1e+08,0,0,0,0
729,9336,"563824",283.75509060706,4154.80436129945,0,1e+08,0,0,0,0
730,9337,"563825",293.75509060706,4154.80436129945,13905700,67100,0,0,0,0
731,9338,"563826",303.75509060706,4154.80436129945,51970600,5534100,0,0,0,0
732,9339,"563827",313.75509060706,4154.80436129945,45055900,2641300,0,0,0,0
733,9340,"563920",323.75509060706,4154.80436129945,28220800,2342800,0,0,0,0
734,9341,"563920",333.75509060706,4154.80436129945,28220800,2342800,0,0,0,0
735,9342,"563921",343.75509060706,4154.80436129945,3507500,804100,0,0,0,0
736,9343,"563922",353.75509060706,4154.80436129945,194900,263900,0,0,0,0
737,9344,"563923",363.75509060706,4154.80436129945,294800,117300,0,0,0,0
738,9345,"563924",373.75509060706,4154.80436129945,1831100,3200,0,0,0,0
739,9346,"563925",383.75509060706,4154.80436129945,14853800,1731400,0,0,0,0
740,9347,"563926",393.75509060706,4154.80436129945,54697100,1721700,0,0,0,0
741,9348,"563927",403.75509060706,4154.80436129945,55107700,707200,0,0,0,0
742,9349,"564020",413.75509060706,4154.80436129945,30088700,25640300,0,0,0,0
743,9350,"564021",423.75509060706,4154.80436129945,12380400,942600,0,0,0,0
744,9351,"564022",433.75509060706,4154.80436129945,23560000,106500,0,0,0,0
745,9352,"564022",443.75509060706,4154.80436129945,23560000,106500,0,0,0,0
746,9353,"564023",453.75509060706,4154.80436129945,66954300,1262700,1,2,0,0
747,9354,"564024",463.75509060706,4154.80436129945,51949700,400,0,0,0,0
748,9355,"564025",473.75509060706,4154.80436129945,25365600,3700,0,0,0,0
749,9356,"564026",483.75509060706,4154.80436129945,9587100,233100,8,47,1,1
750,9357,"564027",493.75509060706,4154.80436129945,34439100,810900,2,4,0,0
751,9358,"564120",503.75509060706,4154.80436129945,14895200,636300,2,3,0,0
752,9359,"564121",513.75509060706,4154.80436129945,0,1e+08,0,0,0,0
753,9360,"564122",523.75509060706,4154.80436129945,0,1e+08,0,0,0,0
754,9361,"564123",533.75509060706,4154.80436129945,0,1e+08,0,0,0,0
755,9362,"564123",543.75509060706,4154.80436129945,0,1e+08,0,0,0,0
756,9363,"564124",553.75509060706,4154.80436129945,0,1e+08,0,0,0,0
757,9388,"563833",273.75509060706,4164.80436129945,0,1e+08,0,0,0,0
758,9389,"563834",283.75509060706,4164.80436129945,0,1e+08,0,0,0,0
759,9390,"563835",293.75509060706,4164.80436129945,412200,0,0,0,0,0
760,9391,"563836",303.75509060706,4164.80436129945,53702600,4393500,2,22,28,25
761,9392,"563837",313.75509060706,4164.80436129945,64692300,4033100,0,0,0,0
762,9393,"563930",323.75509060706,4164.80436129945,24206500,1561000,2,5,0,0
763,9394,"563930",333.75509060706,4164.80436129945,24206500,1561000,8,115,1,1
764,9395,"563931",343.75509060706,4164.80436129945,8719800,693300,0,0,0,0
765,9396,"563932",353.75509060706,4164.80436129945,855200,770400,0,0,0,0
766,9397,"563933",363.75509060706,4164.80436129945,8667400,1669100,0,0,0,0
767,9398,"563934",373.75509060706,4164.80436129945,4605200,240700,0,0,0,0
768,9399,"563935",383.75509060706,4164.80436129945,25118200,3223800,0,0,0,0
769,9400,"563936",393.75509060706,4164.80436129945,47296400,3524500,0,0,0,0
770,9401,"563937",403.75509060706,4164.80436129945,44912900,641900,0,0,0,0
771,9402,"564030",413.75509060706,4164.80436129945,1023200,5209500,0,0,0,0
772,9403,"564031",423.75509060706,4164.80436129945,7080800,2769200,0,0,0,0
773,9404,"564031",433.75509060706,4164.80436129945,7080800,2769200,0,0,0,0
774,9405,"564032",443.75509060706,4164.80436129945,5795600,9100,6,25,80,80
775,9406,"564033",453.75509060706,4164.80436129945,50299900,666800,0,0,0,0
776,9407,"564034",463.75509060706,4164.80436129945,49258600,1049900,1,1,0,0
777,9408,"564035",473.75509060706,4164.80436129945,23761900,89400,7,61,40,38
778,9409,"564036",483.75509060706,4164.80436129945,7536300,279600,0,0,0,0
779,9410,"564037",493.75509060706,4164.80436129945,42741700,2083700,1,1,0,0
780,9411,"564130",503.75509060706,4164.80436129945,12055200,388800,7,68,2,2
781,9412,"564131",513.75509060706,4164.80436129945,0,1e+08,0,0,0,0
782,9413,"564132",523.75509060706,4164.80436129945,0,1e+08,0,0,0,0
783,9414,"564133",533.75509060706,4164.80436129945,0,1e+08,0,0,0,0
784,9415,"564133",543.75509060706,4164.80436129945,0,1e+08,0,0,0,0
785,9441,"563843",273.75509060706,4174.80436129945,0,1e+08,0,0,0,0
786,9442,"563844",283.75509060706,4174.80436129945,0,1e+08,0,0,0,0
787,9443,"563845",293.75509060706,4174.80436129945,0,1e+08,0,0,0,0
788,9444,"563846",303.75509060706,4174.80436129945,30850200,474400,0,0,0,0
789,9445,"563847",313.75509060706,4174.80436129945,81272500,2473200,0,0,0,0
790,9446,"563940",323.75509060706,4174.80436129945,52824700,3098100,0,0,0,0
791,9447,"563940",333.75509060706,4174.80436129945,52824700,3098100,1,6,1,1
792,9448,"563941",343.75509060706,4174.80436129945,53105600,4559000,1,1,0,0
793,9449,"563942",353.75509060706,4174.80436129945,5386700,2938000,0,0,0,0
794,9450,"563943",363.75509060706,4174.80436129945,6209700,5194400,1,3,0,0
795,9451,"563944",373.75509060706,4174.80436129945,3262800,1886900,0,0,0,0
796,9452,"563945",383.75509060706,4174.80436129945,7652200,181500,0,0,0,0
797,9453,"563946",393.75509060706,4174.80436129945,22539500,670000,0,0,0,0
798,9454,"563947",403.75509060706,4174.80436129945,13320300,622400,0,0,0,0
799,9455,"564040",413.75509060706,4174.80436129945,3045700,10089500,0,0,0,0
800,9456,"564041",423.75509060706,4174.80436129945,177500,182200,0,0,0,0
801,9457,"564041",433.75509060706,4174.80436129945,177500,182200,0,0,0,0
802,9458,"564042",443.75509060706,4174.80436129945,16333500,231400,0,0,0,0
803,9459,"564043",453.75509060706,4174.80436129945,42546700,1259900,6,14,26,26
804,9460,"564044",463.75509060706,4174.80436129945,21128900,361600,0,0,0,0
805,9461,"564045",473.75509060706,4174.80436129945,17118700,134600,5,26,62,61
806,9462,"564046",483.75509060706,4174.80436129945,10147500,254900,1,1,0,0
807,9463,"564047",493.75509060706,4174.80436129945,40919500,3328200,1,1,0,0
808,9464,"564140",503.75509060706,4174.80436129945,4732100,437100,0,0,0,0
809,9465,"564141",513.75509060706,4174.80436129945,0,1e+08,0,0,0,0
810,9466,"564142",523.75509060706,4174.80436129945,0,1e+08,0,0,0,0
811,9467,"564143",533.75509060706,4174.80436129945,0,1e+08,0,0,0,0
812,9468,"564143",543.75509060706,4174.80436129945,0,1e+08,0,0,0,0
813,9469,"564144",553.75509060706,4174.80436129945,0,1e+08,0,0,0,0
814,9495,"563853",273.75509060706,4184.80436129945,0,1e+08,0,0,0,0
815,9496,"563854",283.75509060706,4184.80436129945,0,1e+08,0,0,0,0
816,9497,"563855",293.75509060706,4184.80436129945,0,1e+08,0,0,0,0
817,9498,"563856",303.75509060706,4184.80436129945,16789800,253500,1,2,0,0
818,9499,"563857",313.75509060706,4184.80436129945,88024800,1950500,10,170,712,572
819,9500,"563857",323.75509060706,4184.80436129945,88024800,1950500,10,863,219,193
820,9501,"563950",333.75509060706,4184.80436129945,75134900,5367500,2,2,0,0
821,9502,"563951",343.75509060706,4184.80436129945,66691200,8522100,10,242,547,419
822,9503,"563952",353.75509060706,4184.80436129945,11291200,0,0,0,0,0
823,9504,"563953",363.75509060706,4184.80436129945,3691000,966200,0,0,0,0
824,9505,"563954",373.75509060706,4184.80436129945,0,33300,0,0,0,0
825,9506,"563955",383.75509060706,4184.80436129945,339700,25100,0,0,0,0
826,9507,"563956",393.75509060706,4184.80436129945,1121100,142800,0,0,0,0
827,9508,"563957",403.75509060706,4184.80436129945,267600,546600,0,0,0,0
828,9509,"564050",413.75509060706,4184.80436129945,694600,86400,0,0,0,0
829,9510,"564051",423.75509060706,4184.80436129945,809000,8200,0,0,0,0
830,9511,"564051",433.75509060706,4184.80436129945,809000,8200,0,0,0,0
831,9512,"564052",443.75509060706,4184.80436129945,8750700,32500,0,0,0,0
832,9513,"564053",453.75509060706,4184.80436129945,49781400,2446200,7,59,2,2
833,9514,"564054",463.75509060706,4184.80436129945,48311000,1312000,0,0,0,0
834,9515,"564055",473.75509060706,4184.80436129945,13795000,341100,0,0,0,0
835,9516,"564056",483.75509060706,4184.80436129945,6542300,453600,0,0,0,0
836,9517,"564057",493.75509060706,4184.80436129945,48988400,7530500,0,0,0,0
837,9518,"564150",503.75509060706,4184.80436129945,30200,0,0,0,0,0
838,9519,"564151",513.75509060706,4184.80436129945,0,1e+08,0,0,0,0
839,9520,"564152",523.75509060706,4184.80436129945,0,1e+08,0,0,0,0
840,9521,"564153",533.75509060706,4184.80436129945,0,1e+08,0,0,0,0
841,9522,"564153",543.75509060706,4184.80436129945,0,1e+08,0,0,0,0
842,9523,"564154",553.75509060706,4184.80436129945,0,1e+08,0,0,0,0
843,9550,"563863",273.75509060706,4194.80436129945,10711900,235100,0,0,0,0
844,9551,"563864",283.75509060706,4194.80436129945,0,1e+08,0,0,0,0
845,9552,"563865",293.75509060706,4194.80436129945,0,1e+08,0,0,0,0
846,9553,"563866",303.75509060706,4194.80436129945,172700,0,0,0,0,0
847,9554,"563867",313.75509060706,4194.80436129945,30673200,589500,2,8,3,3
848,9555,"563867",323.75509060706,4194.80436129945,30673200,589500,10,1974,5467,3429
849,9556,"563960",333.75509060706,4194.80436129945,43077600,7047400,0,0,0,0
850,9557,"563961",343.75509060706,4194.80436129945,75349900,7062700,10,556,564,496
851,9558,"563962",353.75509060706,4194.80436129945,48277900,714400,1,1,1,1
852,9559,"563963",363.75509060706,4194.80436129945,17751100,1571900,0,0,0,0
853,9560,"563964",373.75509060706,4194.80436129945,0,25600,0,0,0,0
854,9561,"563965",383.75509060706,4194.80436129945,0,19200,0,0,0,0
855,9562,"563966",393.75509060706,4194.80436129945,1028600,154500,0,0,0,0
856,9563,"563967",403.75509060706,4194.80436129945,3804700,183700,0,0,0,0
857,9564,"564060",413.75509060706,4194.80436129945,19729600,825200,0,0,0,0
858,9565,"564061",423.75509060706,4194.80436129945,11188000,1676900,0,0,0,0
859,9566,"564061",433.75509060706,4194.80436129945,11188000,1676900,0,0,0,0
860,9567,"564062",443.75509060706,4194.80436129945,331600,0,0,0,0,0
861,9568,"564063",453.75509060706,4194.80436129945,11075900,291500,0,0,0,0
862,9569,"564064",463.75509060706,4194.80436129945,57621700,2143200,0,0,0,0
863,9570,"564065",473.75509060706,4194.80436129945,20481200,746000,0,0,0,0
864,9571,"564066",483.75509060706,4194.80436129945,22376200,1007800,0,0,0,0
865,9572,"564067",493.75509060706,4194.80436129945,33312700,534200,2,2,0,0
866,9573,"564160",503.75509060706,4194.80436129945,0,1e+08,0,0,0,0
867,9574,"564161",513.75509060706,4194.80436129945,0,1e+08,0,0,0,0
868,9575,"564162",523.75509060706,4194.80436129945,0,1e+08,0,0,0,0
869,9576,"564163",533.75509060706,4194.80436129945,0,1e+08,0,0,0,0
870,9577,"564163",543.75509060706,4194.80436129945,0,1e+08,0,0,0,0
871,9578,"564164",553.75509060706,4194.80436129945,0,1e+08,0,0,0,0
872,9605,"563873",273.75509060706,4204.80436129945,16009600,454000,2,4,0,0
873,9606,"563874",283.75509060706,4204.80436129945,1558600,1900,0,0,0,0
874,9607,"563875",293.75509060706,4204.80436129945,0,1e+08,0,0,0,0
875,9608,"563876",303.75509060706,4204.80436129945,0,1e+08,0,0,0,0
876,9609,"563877",313.75509060706,4204.80436129945,0,1e+08,0,0,0,0
877,9610,"563877",323.75509060706,4204.80436129945,0,1e+08,0,0,0,0
878,9611,"563970",333.75509060706,4204.80436129945,2523800,2093000,0,0,0,0
879,9612,"563971",343.75509060706,4204.80436129945,39274100,5353400,4,16,15,15
880,9613,"563972",353.75509060706,4204.80436129945,79555700,1703600,1,1,0,0
881,9614,"563973",363.75509060706,4204.80436129945,28477100,387000,3,15,4,3
882,9615,"563974",373.75509060706,4204.80436129945,0,469200,0,0,0,0
883,9616,"563975",383.75509060706,4204.80436129945,1487700,174300,0,0,0,0
884,9617,"563976",393.75509060706,4204.80436129945,3332600,76900,0,0,0,0
885,9618,"563977",403.75509060706,4204.80436129945,10361400,2788600,0,0,0,0
886,9619,"564070",413.75509060706,4204.80436129945,48264500,778800,0,0,0,0
887,9620,"564071",423.75509060706,4204.80436129945,43851100,701200,0,0,0,0
888,9621,"564071",433.75509060706,4204.80436129945,43851100,701200,0,0,0,0
889,9622,"564072",443.75509060706,4204.80436129945,966100,76200,0,0,0,0
890,9623,"564073",453.75509060706,4204.80436129945,2637100,392500,0,0,0,0
891,9624,"564074",463.75509060706,4204.80436129945,18030000,503700,0,0,0,0
892,9625,"564075",473.75509060706,4204.80436129945,25866100,734900,0,0,0,0
893,9626,"564076",483.75509060706,4204.80436129945,55810700,2339200,1,2,0,0
894,9627,"564077",493.75509060706,4204.80436129945,23562300,536500,10,91,55,46
895,9628,"564170",503.75509060706,4204.80436129945,0,1e+08,0,0,0,0
896,9629,"564171",513.75509060706,4204.80436129945,0,1e+08,0,0,0,0
897,9630,"564172",523.75509060706,4204.80436129945,0,1e+08,0,0,0,0
898,9631,"564173",533.75509060706,4204.80436129945,0,1e+08,0,0,0,0
899,9632,"564173",543.75509060706,4204.80436129945,0,1e+08,0,0,0,0
900,9633,"564174",553.75509060706,4204.80436129945,0,1e+08,0,0,0,0
901,9660,"573803",273.75509060706,4214.80436129945,43364200,5251500,3,55,9,8
902,9661,"573804",283.75509060706,4214.80436129945,5813800,8000,0,0,0,0
903,9662,"573805",293.75509060706,4214.80436129945,0,1e+08,0,0,0,0
904,9663,"573806",303.75509060706,4214.80436129945,0,1e+08,0,0,0,0
905,9664,"573807",313.75509060706,4214.80436129945,0,1e+08,0,0,0,0
906,9665,"573807",323.75509060706,4214.80436129945,0,1e+08,0,0,0,0
907,9666,"573900",333.75509060706,4214.80436129945,0,1e+08,0,0,0,0
908,9667,"573901",343.75509060706,4214.80436129945,66300,0,0,0,0,0
909,9668,"573902",353.75509060706,4214.80436129945,37174500,1029000,4,28,14,13
910,9669,"573903",363.75509060706,4214.80436129945,29873400,2602700,0,0,0,0
911,9670,"573904",373.75509060706,4214.80436129945,8235700,1755000,0,0,0,0
912,9671,"573905",383.75509060706,4214.80436129945,4389600,1727500,0,0,0,0
913,9672,"573906",393.75509060706,4214.80436129945,6907400,886500,0,0,0,0
914,9673,"573907",403.75509060706,4214.80436129945,13166000,649100,0,0,0,0
915,9674,"574000",413.75509060706,4214.80436129945,63140400,1336200,0,0,0,0
916,9675,"574001",423.75509060706,4214.80436129945,50139700,992100,0,0,0,0
917,9676,"574001",433.75509060706,4214.80436129945,50139700,992100,0,0,0,0
918,9677,"574002",443.75509060706,4214.80436129945,6964100,5000,0,0,0,0
919,9678,"574003",453.75509060706,4214.80436129945,3215600,323400,0,0,0,0
920,9679,"574004",463.75509060706,4214.80436129945,20046500,401800,10,46,122,111
921,9680,"574005",473.75509060706,4214.80436129945,43175400,1067500,2,3,0,0
922,9681,"574006",483.75509060706,4214.80436129945,45198900,4159300,1,1,0,0
923,9682,"574007",493.75509060706,4214.80436129945,24752000,3990900,10,87,43,38
924,9683,"574100",503.75509060706,4214.80436129945,0,1e+08,0,0,0,0
925,9684,"574101",513.75509060706,4214.80436129945,0,1e+08,0,0,0,0
926,9685,"574102",523.75509060706,4214.80436129945,0,1e+08,0,0,0,0
927,9686,"574103",533.75509060706,4214.80436129945,0,1e+08,0,0,0,0
928,9687,"574103",543.75509060706,4214.80436129945,0,1e+08,0,0,0,0
929,9688,"574104",553.75509060706,4214.80436129945,0,1e+08,0,0,0,0
930,9716,"573813",273.75509060706,4224.80436129945,7287000,225000,0,0,0,0
931,9717,"573814",283.75509060706,4224.80436129945,54300,0,0,0,0,0
932,9718,"573815",293.75509060706,4224.80436129945,0,1e+08,0,0,0,0
933,9719,"573816",303.75509060706,4224.80436129945,0,1e+08,0,0,0,0
934,9720,"573816",313.75509060706,4224.80436129945,0,1e+08,0,0,0,0
935,9721,"573817",323.75509060706,4224.80436129945,0,1e+08,0,0,0,0
936,9722,"573910",333.75509060706,4224.80436129945,0,1e+08,0,0,0,0
937,9723,"573911",343.75509060706,4224.80436129945,0,1e+08,0,0,0,0
938,9724,"573912",353.75509060706,4224.80436129945,778100,118800,0,0,0,0
939,9725,"573913",363.75509060706,4224.80436129945,45721300,4860000,2,40,19,18
940,9726,"573914",373.75509060706,4224.80436129945,16738100,3691200,0,0,0,0
941,9727,"573915",383.75509060706,4224.80436129945,3999000,521900,0,0,0,0
942,9728,"573916",393.75509060706,4224.80436129945,2524300,347100,0,0,0,0
943,9729,"573917",403.75509060706,4224.80436129945,4959800,640700,0,0,0,0
