"group","n_record","n_ind","n_multi","n_single","det_per_ind","multi_frac","max_cap","n_place","eff_nind_r10","speedup_r10","eff_nind_r20","speedup_r20","zone"
"アオジ",371117,354950,12170,342779,1.04554726017749,0.0342865192280603,45,2102,46447.9,37.3334351803438,80725.8,13.9577554456053,"危険"
"オオジュリン",185112,177519,7090,170428,1.0427728862826,0.0399393867698669,7,916,24132.8,34.8830210250601,41175.6,13.4771087709235,"危険"
"メジロ",75929,71158,3560,67597,1.06704797773968,0.050029511790663,12,1755,10319.7,31.0907254918572,17079.4,12.6811021054018,"危険"
"ウグイス",60973,52818,5376,47441,1.1543981218524,0.101783482903556,17,2263,10120.1,18.9375121285838,14864.2,9.55300342513107,"境界"
"カシラダカ",48751,48416,320,48095,1.00691920026438,0.00660938532716457,3,1203,5129.5,54.368417539027,9939,16.7498246172403,"危険"
"ノゴマ",47147,46118,895,45222,1.02231232924238,0.0194067392341385,5,982,5417.2,45.2449548769604,9939.4,15.3598978502268,"危険"
"シジュウカラ",40406,33551,4587,28963,1.20431581771035,0.136717236446008,14,1990,7483.3,14.4500688688389,10379.6,8.07149971762979,"境界"
"シロハラ",34702,31674,1985,29688,1.09559891393572,0.0626696975437267,14,1395,4953.8,27.1807045303362,7922.6,11.7832916020023,"危険"
"ツバメ",30834,30647,156,30490,1.00610173915881,0.00509022090253532,6,389,3205,55.6412250656508,6254,16.9281524988024,"危険"
"キビタキ",28919,26468,1553,24914,1.09260238778903,0.0586746259634275,15,1156,4044.4,28.3297866035419,6535.8,12.0562382598667,"危険"
"スズメ",26801,26113,564,25548,1.02634703021484,0.0215984375598361,8,1066,3118.8,43.9245431199263,5673.6,15.1403717086864,"危険"
"ベニマシコ",23857,22741,881,21859,1.04907435908711,0.038740600677191,9,1107,3066.9,35.3830851823195,5252.8,13.5776707531969,"危険"
"クロツグミ",22940,21553,934,20618,1.06435299030297,0.0433350345659537,15,848,2995.8,33.5313426940992,5057.6,13.2014788950827,"危険"
"コヨシキリ",21729,20798,816,19981,1.04476391960765,0.0392345417828637,9,498,2814.1,35.1766149481337,4812.2,13.5365088357186,"危険"
"カワラヒワ",20015,19659,320,19338,1.01810875426014,0.0162775319192227,5,1053,2253.8,47.2443595106074,4187.6,15.6834387489586,"危険"
"ルリビタキ",20915,19250,1054,18195,1.08649350649351,0.0547532467532468,12,1075,2873.5,29.5334897719429,4693,12.3340220286792,"危険"
"ホオジロ",18843,17782,870,16911,1.05966707906872,0.0489258801034754,6,1496,2561.1,31.4750366288555,4252.2,12.7653616322123,"危険"
"ノジコ",15722,15463,251,15211,1.01674966047986,0.0162322964495893,3,281,1772.1,47.2752510666108,3293.2,15.6885445565135,"危険"
"ヒヨドリ",15300,14686,479,14206,1.04180852512597,0.0326160969630941,12,1368,1899.6,38.112692074707,3320.2,14.1063909530359,"危険"
"センダイムシクイ",13462,13133,253,12879,1.02505139724358,0.0192644483362522,11,591,1540.9,45.3366358401346,2828.8,15.375732957556,"危険"
"オオヨシキリ",15972,13093,1848,11244,1.21988849003284,0.141144122813717,12,614,2972.4,14.002281652588,4096.8,7.91002836738164,"境界"
"クロジ",13626,12318,941,11376,1.10618606916707,0.0763922714726417,10,1028,2078.6,23.7426566841593,3216.2,10.9166888176868,"危険"
"エゾムシクイ",10666,10498,145,10352,1.01600304819966,0.0138121546961326,4,460,1180.2,48.9202542465968,2215.4,15.9464810958137,"危険"
"モズ",10784,9644,825,8818,1.11820821236002,0.0855454168394857,10,1333,1706.8,21.8118614408755,2588.6,10.3925521783418,"危険"
"オオルリ",8982,8658,221,8436,1.03742203742204,0.0255255255255255,10,623,1064.6,41.7072344150316,1908.2,14.760217874935,"危険"
"アカハラ",9027,8627,306,8320,1.04636606004405,0.0354700359336965,6,799,1138,36.8041857611001,1970,13.8573618602801,"危険"
"ヤマガラ",11590,8619,1639,6979,1.34470356189813,0.190161271609235,16,1077,2336.9,10.2078391679512,3034.8,6.4109400166661,"安全"
"シマセンニュウ",8375,8307,62,8244,1.0081858673408,0.00746358492837366,5,407,886.4,53.6821305983973,1710.8,16.6539035295199,"危険"
"ヒガラ",8118,7581,373,7207,1.07083498219232,0.0492019522490437,9,561,1093.7,31.3815468181966,1814.4,12.7458369287014,"危険"
"エナガ",8732,7564,945,6618,1.1544156530936,0.124933897408778,5,931,1606.8,15.7603428491679,2268.6,8.52959861220607,"境界"
