"rec","dens_0","conn_0","conn_agri","conn_wtr","g0_1"
1,-0.255064164446917,-1.16013567871062,0.0188409154176318,-1.00416938414137,-4.2404014271381
2,-0.235089470469398,-1.13014435028749,0.0478803407448053,-1.0341523412312,-4.22041124501043
3,-0.215159675630483,-1.10011377468435,0.0745205038140344,-1.06410508758,-4.20043784562425
4,-0.195297359564003,-1.06998711773548,0.0968687454582096,-1.09403158491136,-4.18048819784564
5,-0.175529515251618,-1.0397202414422,0.113728026896208,-1.12391387215884,-4.16056888761356
6,-0.155889081189591,-1.00930344231958,0.12573440094832,-1.15375014172895,-4.14068589926646
7,-0.136415670266479,-0.978774768452276,0.134867378408302,-1.18354981190995,-4.12084483733039
8,-0.117155345568433,-0.948207941021498,0.143542783283088,-1.21332107155662,-4.10105142307578
9,-0.0981596871081379,-0.917680295936881,0.153721653512919,-1.24306675449904,-4.08131200958294
10,-0.0794846799574617,-0.887243565816329,0.166372891288354,-1.27279400301195,-4.06163390249125
11,-0.0611899831468136,-0.856903676695988,0.18151560736195,-1.30248952343887,-4.04202540015149
12,-0.0433388028985248,-0.826627828311576,0.198576035845134,-1.33213688208516,-4.02249561273581
13,-0.0259982885446434,-0.796359839609795,0.216691876169104,-1.36172923877311,-4.00305417314839
14,-0.00924035698247077,-0.766043253656618,0.234796962894761,-1.39126151184758,-3.98371091524804
15,0.00685691234044421,-0.735634083295898,0.251791532433982,-1.42072765955015,-3.96447553204142
16,0.0222074439577581,-0.705111138200047,0.266867783872231,-1.45010807755465,-3.94535725189076
17,0.036715659408108,-0.674485995407479,0.27976084514648,-1.47939111190972,-3.92636461170029
18,0.0502763354845315,-0.643806796048334,0.290918359502054,-1.50857579507478,-3.90750537982846
19,0.0627769775413561,-0.613140822019385,0.301276428211737,-1.53767098870857,-3.88878664975399
20,0.0741027615479125,-0.58256077751946,0.311879012798419,-1.56667800445937,-3.87021501277572
21,0.0841431484343141,-0.552128721504787,0.323517854684778,-1.59560500587816,-3.85179669557607
22,0.0927986752605142,-0.521878777713491,0.336501274491811,-1.62445510514471,-3.8335375849371
23,0.0999863509850735,-0.491812912823773,0.350653674159466,-1.65321225466532,-3.81544311691397
24,0.105642804318514,-0.461911569394001,0.365399409433725,-1.68187727169641,-3.79751806717392
25,0.109724954840796,-0.432140444548183,0.379973912171458,-1.71043982678818,-3.77976628088449
26,0.112208897275133,-0.402472783151743,0.393626254132728,-1.73889195794644,-3.76219038993742
27,0.113087996599803,-0.372901470898394,0.405931105345521,-1.76722598883727,-3.74479155783598
28,0.112371601414461,-0.343446308778388,0.416887924858321,-1.79543096774678,-3.72756933446527
29,0.110084720962163,-0.314153846780166,0.426910340331002,-1.82351012711365,-3.71052165798012
30,0.106268396032568,-0.285083598874321,0.43667134700665,-1.85147055207152,-3.69364501456035
31,0.100979957373935,-0.256289738161536,0.446854406518415,-1.87931707533899,-3.67693471692731
32,0.0942922769003031,-0.227811346087756,0.457969780822349,-1.90704572855742,-3.66038522582594
33,0.0862916997553254,-0.199657761614319,0.470293197878794,-1.93465338710657,-3.6439904557028
34,0.0770749569876784,-0.171805195439338,0.484009551745517,-1.96213472133209,-3.62774403914989
35,0.0667459754324749,-0.144196879017062,0.49938018816706,-1.98947072107941,-3.6116395974861
36,0.0554133051120152,-0.116741576130185,0.51690882307112,-2.01663336181484,-3.59567107935678
37,0.0431886145176005,-0.0893108493490345,0.537131651734718,-2.04359627776392,-3.57983323627946
38,0.0301855630508277,-0.0617569505965106,0.559932462638026,-2.07032080634745,-3.5641221072158
39,0.0165173798819035,-0.0339144167939338,0.583776739765958,-2.09673752049407,-3.54853509187499
40,0.0022916260543987,-0.00562426440838398,0.60479472130176,-2.12280544279475,-3.53307013616872
41,-0.012399529445447,0.0231714435213945,0.618085528569414,-2.14854502528017,-3.51772337900163
42,-0.0274894824048548,0.052401090834127,0.622202573340876,-2.17391893937642,-3.50248595812166
43,-0.0429370712018704,0.0817725416770757,0.61989170923998,-2.19896527355227,-3.48734315053265
44,-0.0587162627312338,0.110932944441617,0.615111817893445,-2.22377416137619,-3.47227663420718
45,-0.0748047017326348,0.139503536619916,0.612014615953259,-2.24843400091055,-3.4572676121156
46,-0.0911738825050478,0.167150409616309,0.613742985305002,-2.27301954620948,-3.44229987479139
47,-0.107783436974316,0.193682180662737,0.621103011998524,-2.29756905129828,-3.42736192860582
48,-0.124581680399289,0.21906852047824,0.632909640801378,-2.32207789843183,-3.412447391436
49,-0.141510487825686,0.243419853110733,0.646986552264047,-2.34652628194667,-3.39755401206301
50,-0.158511565647084,0.266902526873207,0.66074938350614,-2.37087483430255,-3.38268197732747
51,-0.175532489056252,0.289678897055839,0.671923772116129,-2.39511467317175,-3.36783183153807
52,-0.192530952307204,0.311844694858766,0.679619634583536,-2.41921579736946,-3.35300255526254
53,-0.209475421981214,0.333402078183476,0.68422556661551,-2.44318177818437,-3.33819081546344
54,-0.226343093698279,0.354274563508899,0.686768213848183,-2.46703558142764,-3.32339139590573
55,-0.243116884446332,0.374351071346718,0.688341702408071,-2.49080132726571,-3.30859822648558
56,-0.259782720469524,0.393524554069314,0.689990846004815,-2.51451927242011,-3.29380544814311
57,-0.276327328962988,0.411710868690002,0.69262140699958,-2.53818996583217,-3.27900838171119
58,-0.292736637365855,0.428856036705941,0.696807644608978,-2.56182165046659,-3.26420431257519
59,-0.308995025166147,0.444995743106088,0.702991697674142,-2.5854061655032,-3.24939292124056
60,-0.325085059286322,0.46019932041578,0.711459246035367,-2.60892780144229,-3.23457654772026
61,-0.34098761278406,0.474609400328851,0.72278769531014,-2.63235155948129,-3.21976028971923
62,-0.356681671425587,0.488412141536937,0.738050401457085,-2.65566862576415,-3.20495237793027
63,-0.372143574039827,0.501826555498265,0.758295166096084,-2.67885639763183,-3.19016510795148
64,-0.387346599848193,0.515188804735634,0.782895082559736,-2.70184529556567,-3.17541596922822
65,-0.402263263618449,0.5289841855645,0.808036502181691,-2.72455094520756,-3.16072704297514
66,-0.416871765002267,0.543719544315647,0.826834312822296,-2.74689144884564,-3.14612026898417
67,-0.431165842838909,0.559699908654187,0.83420416513704,-2.768812060991,-3.13160888096247
68,-0.44516101484201,0.576856614622207,0.831023981835565,-2.79032862905469,-3.11719161718029
69,-0.458890886606307,0.594807945612371,0.820948426696318,-2.81151235084126,-3.10285479224896
70,-0.47239877488055,0.612985728705372,0.808134652094012,-2.83246423661156,-3.08857776857619
71,-0.485729110810768,0.630800351426369,0.796789249924954,-2.85329063303801,-3.07433874931677
72,-0.498920070778726,0.647770121657119,0.790223859538852,-2.8740691201648,-3.06012018697849
73,-0.511998835494724,0.663607090165075,0.789855048474941,-2.89484947972591,-3.04591252469731
74,-0.524980419580463,0.6782362511874,0.795420749453415,-2.91564433236969,-3.03171520064776
75,-0.537869200908718,0.691772398624906,0.805611877505997,-2.93643351202785,-3.01753555293908
76,-0.55066185720882,0.704482597110786,0.818418586127418,-2.95717256057254,-3.00338657807007
77,-0.563351023739,0.716718169207712,0.831319185891757,-2.97780492550536,-2.98928393262301
78,-0.575929387658034,0.728828093040091,0.841708199426001,-2.99827859375903,-2.97524239923932
79,-0.58839371029092,0.741060448336843,0.847682529433122,-3.01855909546191,-2.9612724620936
80,-0.600747604150845,0.75349683352327,0.848671572425475,-3.03863181359217,-2.94737810000491
81,-0.613001932382531,0.766044094191201,0.845430233537034,-3.05851942476726,-2.93355655927575
82,-0.625172791939429,0.778467250634724,0.839570152813705,-3.078260183125,-2.91979993011008
83,-0.637278072081759,0.790465796334487,0.833072321906546,-3.09790363043259,-2.90609776357503
84,-0.649333772725355,0.801752773946568,0.827815979116259,-3.11749928744489,-2.8924399929334
85,-0.661351036488679,0.812123210779459,0.825138927406357,-3.13708008817095,-2.87881948012782
86,-0.673334494389536,0.821493245595885,0.825573200562022,-3.15665726978687,-2.86523359707327
87,-0.685282080541937,0.829910416544531,0.828847300393909,-3.17622858611351,-2.85168455805791
88,-0.697186102547238,0.837535685535986,0.834072832843482,-3.1957723408178,-2.8381786153139
89,-0.709035189346557,0.844597447011355,0.83996959578186,-3.21525588779324,-2.82472446162884
90,-0.720816742426007,0.851343259911284,0.845161841837532,-3.23464326502837,-2.81133121040371
91,-0.732519449252582,0.857982392679161,0.848496380319195,-3.25391043308731,-2.79800640281222
92,-0.744135315416145,0.864641768167746,0.849326631534547,-3.27304008582296,-2.78475450118294
93,-0.755660682667715,0.871345983623945,0.84765036068665,-3.29203290822513,-2.77157623592737
94,-0.767095972741981,0.878023655833112,0.844035328662137,-3.31090280304307,-2.75846892921106
95,-0.778444353461248,0.884538293546352,0.839409630418696,-3.32967303148428,-2.74542761027784
96,-0.789709842143425,0.890732402190601,0.834807121311371,-3.34837046401555,-2.73244656114579
97,-0.800895423722591,0.896470646840905,0.831112752910417,-3.36701481572846,-2.71952088939071
98,-0.812001654650921,0.901674918349894,0.828875120055759,-3.38562127259189,-2.70664775003134
99,-0.823026014417785,0.906335042194808,0.828225329888206,-3.40419294568318,-2.6938269657729
100,-0.833963031373814,0.910511832199169,0.828907513732142,-3.4227221555574,-2.68106097844602
101,-0.84480506519665,0.914318708233789,0.830381736386538,-3.44119689857784,-2.66835423167625
102,-0.855543523139198,0.917894745493491,0.831964276414898,-3.4595983147766,-2.6557121849793
103,-0.86617024604599,0.921375340262253,0.832994365913071,-3.47790998668258,-2.64314019763485
104,-0.87667876282043,0.9248664740997,0.832973540297702,-3.49611765347715,-2.63064254174051
105,-0.887065154408088,0.928424008900318,0.831674750147228,-3.51421525042962,-2.61822174377822
106,-0.897328326216543,0.932048880224057,0.829167090372609,-3.53220191029107,-2.6058783931837
107,-0.907469670722852,0.93569466948783,0.825767698444475,-3.5500894047368,-2.59361141684931
108,-0.917492261495366,0.939285063163219,0.821932795380902,-3.56789024461201,-2.58141870861016
109,-0.927399837115708,0.942736932166144,0.818132462635958,-3.58561631820393,-2.56929791801433
110,-0.937195846335826,0.94598051801142,0.814749789777089,-3.60328112805457,-2.55724719153142
111,-0.946882747041974,0.948972875979875,0.812008344825507,-3.62089116971942,-2.54526571309637
112,-0.956461667242267,0.951702850830307,0.80995324691564,-3.6384511892338,-2.53335394932498
113,-0.965932427740171,0.95419312843795,0.808479280245972,-3.65595935621708,-2.52151359698703
114,-0.975293857659578,0.956487954273737,0.807364538998425,-3.67341017363709,-2.50974730029149
115,-0.984544300989462,0.958643694452724,0.806331069912683,-3.69079572934156,-2.49805821368196
116,-0.993682190999587,0.960718667306441,0.805101963418688,-3.70810684527394,-2.48644951666035
117,-1.00270658043504,0.962759830576736,0.80344989125915,-3.72533890526684,-2.47492397308518
118,-1.01161752499738,0.964795164943502,0.801228443415927,-3.74248965966535,-2.46348360900377
119,-1.02041626347531,0.966829750532852,0.798376708066119,-3.75956012731806,-2.45212954877528
120,-1.02910519150568,0.968844313709995,0.794921980085047,-3.7765536954531,-2.44086200459926
121,-1.03768763857503,0.970802432151809,0.790940587219477,-3.79347333451041,-2.42968041037115
122,-1.04616754322789,0.972652574278771,0.786527291579129,-3.81032999380445,-2.41858362480739
123,-1.05454908850935,0.974336288109648,0.781761262086654,-3.82713449751935,-2.40757015069429
124,-1.06283637543903,0.975792339334464,0.7766922161207,-3.84389547934622,-2.39663831343011
125,-1.07103316465846,0.976957882140543,0.771320335743323,-3.86062514715859,-2.38578637956423
126,-1.07914271365871,0.977771762579973,0.765609125334318,-3.87733418205039,-2.37501259086557
127,-1.08716769329524,0.978171367750255,0.759487794501609,-3.89403136297015,-2.36431513864255
128,-1.09511016706339,0.97809137786574,0.7528784456517,-3.91072798626569,-2.35369208823518
129,-1.10297158849831,0.977458946338989,0.74572256953044,-3.92743592572173,-2.34314129795172
130,-1.11075276866773,0.976192048665572,0.738013505553235,-3.94416737071864,-2.33266037388966
131,-1.11845376978544,0.974200105327271,0.729840601260544,-3.96093700306144,-2.32224670849582
132,-1.12607367087253,0.971387121819123,0.721409732387699,-3.97775854189102,-2.31189766830664
133,-1.13361018929824,0.967664714450722,0.713036255725281,-3.99464514970981,-2.30161095859818
134,-1.14105919869744,0.962967919089009,0.705085091609426,-4.01160642460489,-2.29138514163934
135,-1.14841425896026,0.957273809679438,0.697867447267324,-4.02864655638964,-2.28122019422229
136,-1.15566634599543,0.950615127149787,0.691535263866023,-4.04576190892237,-2.27111791894904
137,-1.16280397036907,0.943083254754539,0.686013961758764,-4.06294094511701,-2.2610820343314
138,-1.16981379999391,0.93481878349342,0.681010640473501,-4.08016472909602,-2.25111785474501
139,-1.17668175161929,0.925989998242495,0.676091093671016,-4.09741090859849,-2.2412316128899
140,-1.18339436248764,0.916766475203957,0.670807909652042,-4.11465661262138,-2.23142959416216
141,-1.18994014229301,0.907292781060814,0.664827600410022,-4.13188297363883,-2.22171732279033
142,-1.19631059925775,0.897671725765012,0.658027081897659,-4.14907685830077,-2.21209901577224
143,-1.20250070713911,0.887959231539649,0.65052366248742,-4.16623199266685,-2.20257744557253
144,-1.20850872580309,0.878173110723203,0.642633412332889,-4.18334762938244,-2.19315422636536
145,-1.21433545978482,0.868311642493196,0.634769890889504,-4.20042604792482,-2.18383041392816
146,-1.21998319853119,0.858375285886811,0.627317696229156,-4.21746901712326,-2.17460721660169
147,-1.22545467614861,0.848385249239339,0.620520798585818,-4.23447549080879,-2.16548658957226
148,-1.23075238473492,0.838392862216182,0.614423119371619,-4.25143955661688,-2.15647153089414
149,-1.23587844857157,0.828477052614839,0.608875004428841,-4.26835104027142,-2.14756600468022
150,-1.24083506678981,0.818732791733509,0.603600445812889,-4.2851970437894,-2.13877453843927
151,-1.24562533120845,0.809253524689832,0.598295113165064,-4.30196429534011,-2.13010164172084
152,-1.25025410704867,0.80011405445902,0.592722769921839,-4.31864257263587,-2.12155123330313
153,-1.25472865780171,0.791358501549882,0.586780053092275,-4.33522581807066,-2.11312624353421
154,-1.2590587929379,0.782996797885841,0.580513997665126,-4.35171318801996,-2.10482848805876
155,-1.26325647519926,0.775009829559331,0.574091640944213,-4.36810802710159,-2.09665881844714
156,-1.2673349921475,0.767360435596135,0.567737728403678,-4.38441638978611,-2.08861747191736
157,-1.27130791725881,0.760007162390978,0.56166284026329,-4.4006448405582,-2.08070449413834
158,-1.27518813371269,0.75291616244554,0.556004566241904,-4.41679837333732,-2.07292010297409
159,-1.27898715412052,0.746068213799638,0.550796938080465,-4.43287945976829,-2.06526489511285
160,-1.28271486285254,0.739459674261393,0.545972516080122,-4.44888789809764,-2.05773985560951
161,-1.28637967474138,0.733097952509368,0.541392590477949,-4.46482143613552,-2.05034619142513
162,-1.28998898506525,0.7269933170585,0.536892992696464,-4.48067725487081,-2.0430850578357
163,-1.29354971748858,0.721150164348875,0.532331384821499,-4.49645332076635,-2.03595726825611
164,-1.29706877152475,0.715560094085964,0.527622609512693,-4.51214952231666,-2.02896307240515
165,-1.30055322348467,0.710198842343195,0.52275472941546,-4.52776820081859,-2.02210205909922
166,-1.30401022054375,0.705027767579734,0.517783401163373,-4.54331393385982,-2.01537320060676
167,-1.30744660295413,0.699998997580356,0.512808756941201,-4.55879276145577,-2.0087750154515
168,-1.31086836563724,0.695062910496937,0.507943016458455,-4.57421095864846,-2.00230579752907
169,-1.31428011087675,0.690175569524836,0.503277666722781,-4.58957387143049,-1.99596384727876
170,-1.31768464233536,0.68530443946826,0.498859137221257,-4.60488500634898,-1.98974764565087
171,-1.32108280820996,0.680430892478619,0.494678615455646,-4.6201456957924,-1.98365593201072
172,-1.32447363123072,0.675549141187145,0.490677705995174,-4.6353552526122,-1.97768767608585
173,-1.32785468561684,0.670662216961289,0.486767618123637,-4.65051164515736,-1.97184196356538
174,-1.3312226167801,0.665776396894439,0.482855777735376,-4.66561238033929,-1.9661178376295
175,-1.33457366734364,0.660895708291924,0.478871981040846,-4.68065542669023,-1.96051414825161
176,-1.33790408051259,0.656018217333926,0.474786741138923,-4.69563976999685,-1.95502945561572
177,-1.34121029565149,0.651134994831582,0.470616980635644,-4.71056561719154,-1.94966201560358
178,-1.34448891663967,0.646231953326492,0.466417904988548,-4.72543403938927,-1.94440984989575
179,-1.34773650282415,0.641293780099992,0.462264100388432,-4.7402464024597,-1.93927087799099
180,-1.35094928420768,0.636308638448229,0.458225703994015,-4.75500357471835,-1.93424307103496
181,-1.35412292329358,0.631272146277103,0.454347245547705,-4.76970527549481,-1.92932458211624
182,-1.35725242766955,0.62618934679991,0.45063561515501,-4.78434978612125,-1.92451381668591
183,-1.36033226588509,0.621074130329121,0.44706077930992,-4.79893401830941,-1.91980942672962
184,-1.36335667032056,0.615946357037007,0.44356856581746,-4.81345397697035,-1.91521023703909
185,-1.36632004776018,0.610827701824018,0.440100867970631,-4.82790540638361,-1.91071513316823
186,-1.36921738276335,0.605737583660957,0.436616176182253,-4.84228445293296,-1.9063229514373
187,-1.37204452278113,0.600690447807879,0.43310354637844,-4.85658807781909,-1.90203240821627
188,-1.37479827480305,0.595695181798341,0.429585462337689,-4.87081415233498,-1.89784209031562
189,-1.37747630708498,0.590756650234519,0.426109095602163,-4.88496120258911,-1.89375050606311
190,-1.38007691349847,0.585878626444828,0.42272951051328,-4.89902793092606,-1.88975617555132
191,-1.38259874026937,0.58106695311306,0.419490965916483,-4.91301271015651,-1.88585772584742
192,-1.3850405813532,0.576331734225894,0.416413095042337,-4.92691321810206,-1.88205395665887
193,-1.38740131660592,0.571687805681189,0.413486705766948,-4.94072636534997,-1.87834385406261
194,-1.38968000877063,0.567153349793563,0.410680226458938,-4.95444850831273,-1.87472654957039
195,-1.39187611317702,0.562747239018562,0.407953827705479,-4.96807587891328,-1.87120124155356
196,-1.39398971173817,0.558486118048071,0.405275584685609,-4.98160505438544,-1.86776710854159
197,-1.39602167548703,0.554382269814797,0.402633525355274,-4.99503330920901,-1.86442324491027
198,-1.39797368922196,0.550442972727382,0.400039294141385,-5.00835871532384,-1.86116863911272
199,-1.39984812520414,0.546671435949326,0.397522575100232,-5.02157999916057,-1.85800219735903
200,-1.40164780888224,0.543068852862933,0.395118952419877,-5.03469620564072,-1.85492279842107
201,-1.40292805221293,0.54052593350108,0.393442498328654,-5.0443354598597,-1.85270494460623
202,-1.40384139388827,0.538730534142209,0.392277288514535,-5.0514353023325,-1.85110384693463
203,-1.40459403317481,0.537269977945037,0.391341928384515,-5.05747002397694,-1.8497694578525
204,-1.40525221242176,0.536012343543222,0.39054193767843,-5.06290751315068,-1.84858993931028
205,-1.4058470397611,0.534896211288316,0.389830168306905,-5.06796479339175,-1.84751309830493
206,-1.40639608993013,0.533887253384517,0.389178413572986,-5.07276283857112,-1.84650967746375
207,-1.40691047786796,0.532963976846403,0.388568326066111,-5.07737699728303,-1.84556136201644
208,-1.40739779962672,0.53211178291032,0.387987728047696,-5.08185784525609,-1.8446558043697
209,-1.40786355254698,0.531320096602136,0.387428794495463,-5.08624121581493,-1.84378422467838
210,-1.40831189521411,0.530580847669352,0.386886966609517,-5.09055355015915,-1.84294012603617
211,-1.40874608519987,0.52988761479924,0.386360145770284,-5.09481498292534,-1.84211855126665
212,-1.40916874523562,0.529235132650092,0.385847998071169,-5.09904122907245,-1.84131562670166
213,-1.40958203183188,0.528619003452131,0.385351310238464,-5.10324479070663,-1.84052826858543
214,-1.40998774570346,0.528035530976303,0.384871389083324,-5.10743576456351,-1.8397539866492
215,-1.41038740637787,0.527481624222794,0.384409528409019,-5.11162239294461,-1.83899074824534
216,-1.41078230442239,0.526954735971463,0.383966577329438,-5.11581145796008,-1.83823688150948
217,-1.41117353968086,0.526452815421493,0.383542638961402,-5.12000856833901,-1.83749100435939
218,-1.41156205086389,0.525974260020348,0.38313692296229,-5.12421837664967,-1.83675197098392
219,-1.41194863985436,0.525517856878504,0.382747753226376,-5.1284447452687,-1.83601883042317
220,-1.41233399272906,0.525082715170802,0.382372723651798,-5.13269087866196,-1.83529079370173
221,-1.41271869852496,0.524668186995389,0.382008969521457,-5.1369594359929,-1.83456720719574
222,-1.41310326609223,0.524273784025274,0.381653508657837,-5.14125262047551,-1.83384753072401
223,-1.41348813893293,0.523899096690828,0.381303599222731,-5.14557225390852,-1.83313131939
224,-1.41387370769407,0.523543723548387,0.38095706298965,-5.14991983707313,-1.83241820854565
225,-1.41426031993286,0.523207218699371,0.380612515841438,-5.15429660482268,-1.83170790145596
226,-1.41464828690541,0.522889062005723,0.380269484640039,-5.15870356140369,-1.83100015933972
227,-1.41503788734463,0.522588651364778,0.379928375210013,-5.16314151528601,-1.83029479349602
228,-1.41542936851553,0.522305321374208,0.379590320221198,-5.16761109673461,-1.82959165920315
229,-1.41582294511043,0.522038378067759,0.379256913163522,-5.17211277792778,-1.8288906510488
230,-1.41621879680805,0.521787144995454,0.378929887657389,-5.17664688227106,-1.82819169931337
231,-1.41621879680805,0.521787144995454,0.378929887657389,-5.17664688227106,-1.82819169931337
232,-1.41691198606849,0.5213761523763,0.378374493537896,-5.18459527256871,-1.82697868392477
233,-1.41742493972516,0.521093416318181,0.377979462372048,-5.19048127476176,-1.82608990465183
234,-1.41786287856195,0.52086996446681,0.377656217809919,-5.19550926236279,-1.82533883286964
235,-1.41825911619993,0.520683674037604,0.377375589134774,-5.2000606617478,-1.82466625555501
236,-1.41862905532617,0.520524258733409,0.377123179908931,-5.20431204433393,-1.82404471522022
237,-1.41898124465408,0.520386004958865,0.376890330961224,-5.20836163966455,-1.82345892210922
238,-1.4193209786434,0.520265372663072,0.376671264080589,-5.21227049672433,-1.82289937224839
239,-1.41965178608279,0.520159984583675,0.376461947523802,-5.21607949329933,-1.82235970674922
240,-1.41997614573661,0.520068133589224,0.376259579531441,-5.2198175072561,-1.82183544144355
241,-1.420295868227,0.519988517375953,0.37606230137047,-5.22350577446203,-1.82132328814211
242,-1.42061231594417,0.519920088791689,0.375869005895712,-5.22716040463893,-1.82082076271909
243,-1.42092653715584,0.51986197034031,0.375679177007786,-5.23079391954151,-1.82032594485748
244,-1.42123935148482,0.519813406651785,0.375492737656653,-5.23441624126001,-1.81983732358369
245,-1.42155140634023,0.519773739515719,0.375309894452906,-5.23803535069005,-1.81935369401626
246,-1.42186321531764,0.519742399814185,0.375130991723499,-5.24165774194719,-1.8188740860473
247,-1.42217518510665,0.519718903191785,0.374956371202934,-5.24528874629486,-1.8183977136546
248,-1.42248763497839,0.519702851326552,0.374786262840494,-5.24893276629741,-1.81792393793042
249,-1.42280081145887,0.519693930377721,0.37462070869485,-5.25259345008207,-1.81745223945289
250,-1.42311489988216,0.519691907059768,0.374459522275734,-5.25627382592477,-1.81698219715362
251,-1.4234300339259,0.519696619305025,0.374302292445004,-5.25997640865583,-1.81651347178855
252,-1.42374630380018,0.51970796385096,0.374148427476202,-5.26370327663286,-1.816045792741
253,-1.42406376345932,0.5197258790611,0.373997226024667,-5.26745614401105,-1.815578947298
254,-1.42438243699993,0.519750325632252,0.373847968302297,-5.27123641368949,-1.81511277181858
255,-1.42470232426447,0.519781268542182,0.373700007664369,-5.27504522175378,-1.81464714440213
256,-1.42502340560278,0.519818660705627,0.373552850878617,-5.27888347783141,-1.81418197878588
257,-1.42534564572823,0.51986243198427,0.373406215942255,-5.28275189335438,-1.81371721928014
258,-1.42566899662972,0.519912482975598,0.373260053497821,-5.28665100911055,-1.81325283659282
259,-1.42599339956974,0.519968685821798,0.373114533578503,-5.29058121614782,-1.81278882441324
260,-1.42631878627427,0.520030890911332,0.372969999284508,-5.29454277037896,-1.81232519663133
261,-1.4266450794949,0.520098936914815,0.372826891199419,-5.29853580928816,-1.81186198506721
262,-1.42697219318818,0.520172663189363,0.372685664302567,-5.30256036259999,-1.81139923758251
263,-1.42730003257072,0.520251923299217,0.372546703894673,-5.30661636171366,-1.8109370164534
264,-1.42762849430343,0.520336594342009,0.372410259397141,-5.31070364790702,-1.8104753968954
265,-1.42795746699782,0.520426582493494,0.372276403744422,-5.31482198346113,-1.81001446565491
266,-1.42828683215834,0.520521823431142,0.372145030741539,-5.31897105720591,-1.80955431960996
267,-1.42861646556296,0.520622277314822,0.372015880638796,-5.32315049385081,-1.80909506436075
268,-1.42894623899655,0.520727918927456,0.371888596829684,-5.32735986276551,-1.80863681281836
269,-1.42927602216061,0.520838726682779,0.371762795961482,-5.33159868555027,-1.80817968382961
270,-1.42960568454547,0.520954669536185,0.371638142314777,-5.33586644216035,-1.80772380088895
271,-1.42993509704102,0.521075697149229,0.371514407636086,-5.34016258052021,-1.80726929099357
272,-1.43026413311108,0.5212017343403,0.371391511692256,-5.34448651841253,-1.8068162836839
273,-1.43059266942413,0.521332677538933,0.371269524449949,-5.34883765191608,-1.80636491029525
274,-1.43092058594766,0.52146840119082,0.371148648818332,-5.3532153545562,-1.80591530341118
275,-1.4312477655891,0.521608763181976,0.371029169501311,-5.35761898170915,-1.80546759649119
276,-1.4315740935603,0.521753616271062,0.370911391913461,-5.36204787233817,-1.80502192361604
277,-1.43189945667857,0.521902817395815,0.370795580096868,-5.36650134765701,-1.80457841928537
278,-1.43222374280997,0.522056236433796,0.370681903868689,-5.37097871529661,-1.80413721820436
279,-1.43254684062685,0.522213760436155,0.37057040884964,-5.37547926717168,-1.80369845500706
280,-1.43286863976428,0.522375294427314,0.370461015206771,-5.38000228585227,-1.80326226388817
281,-1.43318903136611,0.522540757349387,0.370353540618311,-5.38454704483062,-1.80282877814445
282,-1.43350790892388,0.522710075276644,0.370247746268515,-5.38911280999751,-1.80239812965193
283,-1.43382516923905,0.522883173011038,0.370143389008434,-5.39369884511255,-1.80197044832645
284,-1.43414071332076,0.523059965181939,0.370040275996915,-5.39830441363977,-1.80154586162102
285,-1.43445444703093,0.523240350109146,0.369938299510566,-5.40292878189253,-1.80112449411373
286,-1.43476628136461,0.523424208516998,0.369837455809693,-5.4075712173681,-1.80070646721784
287,-1.4350761323187,0.523611403964848,0.369737832301862,-5.41223099477277,-1.80029189902667
288,-1.43538392041479,0.523801787523743,0.369639584512156,-5.41690739259304,-1.79988090427417
289,-1.43568956997917,0.523995205475515,0.369542891477874,-5.42159969449112,-1.79947359437989
290,-1.43599300835878,0.524191506763056,0.369447909506974,-5.42630718690558,-1.79907007752583
291,-1.43629416524935,0.52439054916436,0.36935473352451,-5.43102916017163,-1.79867045871345
292,-1.43659297227501,0.52459220275541,0.36926337667794,-5.43576490709751,-1.79827483975886
293,-1.43688936288564,0.524796351056434,0.36917376793949,-5.44051372655378,-1.797883319207
294,-1.43718327256577,0.525002886823104,0.36908577128829,-5.44527492174905,-1.79749599216603
295,-1.43747463926444,0.525211708595794,0.368999217137059,-5.45004780220464,-1.79711295008742
296,-1.43776340391629,0.525422714124249,0.368913943565324,-5.4548316860437,-1.7967342805301
297,-1.43804951088966,0.525635794097464,0.368829827781117,-5.45962590039372,-1.79636006695601
298,-1.43833290823984,0.525850829603949,0.368746810111276,-5.46442978124213,-1.79599038859219
299,-1.43861354768905,0.526067691142004,0.368664897361699,-5.46924267647817,-1.79562532038295
300,-1.43889138433379,0.52628624188828,0.36858415430621,-5.47406394280885,-1.79526493303116
301,-1.43916637613604,0.526506340424809,0.368504673383654,-5.47889294745478,-1.79490929311273
302,-1.43943848332759,0.526727846585988,0.368426545725975,-5.48372906626046,-1.79455846322528
303,-1.43970766785704,0.526950626490544,0.368349830922937,-5.48857168419036,-1.79421250213357
304,-1.43997389299928,0.527174556370526,0.368274538904455,-5.49342019250541,-1.79387146487552
305,-1.44023712319696,0.52739952199794,0.368200624718772,-5.49827399154511,-1.79353540280865
306,-1.44049732413907,0.52762541853063,0.368127997544628,-5.50313248991553,-1.79320436359477
307,-1.44075446302715,0.527852146276784,0.368056539772933,-5.5079951058461,-1.7928783911367
308,-1.44100850893494,0.528079608315067,0.367986138645646,-5.5128612636448,-1.79255752549464
309,-1.44125943313005,0.528307704951232,0.367916706876658,-5.5177304016749,-1.79224180282068
310,-1.44150720926371,0.52853633217635,0.36784819372733,-5.52260196669504,-1.79193125533841
311,-1.44175181339222,0.528765381787874,0.367780594031396,-5.52747541676642,-1.79162591137761
312,-1.44199322380444,0.52899474153122,0.367713939036713,-5.53235022073673,-1.79132579547206
313,-1.44223142070616,0.52922429918457,0.3676482756646,-5.53722585733298,-1.79103092850495
314,-1.44246638586233,0.529453945619263,0.367583649203037,-5.54210181355462,-1.79074132787202
315,-1.44269810227628,0.529683577444377,0.367520083372364,-5.5469775848896,-1.79045700763806
316,-1.44292655399171,0.529913099257867,0.367457566919705,-5.55185267694452,-1.7901779786616
317,-1.44315172606862,0.530142424133317,0.367396053921202,-5.55672660274835,-1.78990424867184
318,-1.44337360472171,0.530371471593796,0.36733547309416,-5.5615988823542,-1.78963582230101
319,-1.44359217756634,0.530600166309012,0.367275747255355,-5.56646904561824,-1.78937270108756
320,-1.44380743388198,0.530828434269115,0.367216803375005,-5.57133663150762,-1.78911488347686
321,-1.44401936483853,0.531056200800201,0.36715858979045,-5.57620118856309,-1.78886236483457
322,-1.44422796361126,0.531283388707442,0.367101082084472,-5.58106227413768,-1.78861513749439
323,-1.44443322536194,0.531509920806101,0.36704428438269,-5.58591945625859,-1.78837319084631
324,-1.44463514709598,0.531735719010086,0.366988217910373,-5.59077230921472,-1.78813651146331
325,-1.44483372744886,0.531960708102332,0.366932909258345,-5.59562041936902,-1.78790508324842
326,-1.44502896646912,0.532184816164199,0.366878375045239,-5.60046337864613,-1.78767888758441
327,-1.44522086546279,0.532407978067128,0.36682461045856,-5.60530078777196,-1.78745790346429
328,-1.4454094269527,0.532630135283768,0.366771590272047,-5.61013225388751,-1.78724210758762
329,-1.44559465474167,0.532851235551218,0.366719269615754,-5.61495739290931,-1.78703147442548
330,-1.44577655406573,0.533071229475967,0.36666759593387,-5.61977582740983,-1.78682597625775
331,-1.44595513176953,0.533290071230259,0.366616519881851,-5.62458718750395,-1.78662558320217
332,-1.44613390141339,0.533512066932487,0.366564992979822,-5.62948718208309,-1.7864263572261
333,-1.44626380906324,0.533675547480049,0.366527238549863,-5.63311050044852,-1.7862826123415
334,-1.44637274383831,0.533814445857239,0.366495316226346,-5.63620182504014,-1.78616293858107
335,-1.4464695915452,0.533939527088098,0.366466707102786,-5.63899722124644,-1.78605730760118
336,-1.44655848798047,0.53405578231324,0.366440245026348,-5.64160608857306,-1.78596104330481
337,-1.44664174512134,0.534165991459419,0.366415280028368,-5.6440893635994,-1.7858715274639
338,-1.44672080586486,0.534271884408323,0.366391408319185,-5.64648496840356,-1.7857871237659
339,-1.44679663960639,0.534374620701554,0.366368356300598,-5.64881833211481,-1.78570673157138
340,-1.44686993280165,0.534475019711626,0.366345928280041,-5.65110744443396,-1.78562957073916
341,-1.4469411909351,0.534573684117417,0.366323975408632,-5.65336555410185,-1.78555506637967
342,-1.44701079751038,0.534671071408293,0.366302383638615,-5.65560272417691,-1.7854827821255
343,-1.44707905029701,0.5347675367082,0.366281061300629,-5.65782678691898,-1.78541237909124
344,-1.44714618470972,0.53486336099533,0.36625993305698,-5.66004395602888,-1.7853435893824
345,-1.44721238949952,0.534958769488965,0.366238937654884,-5.66225923871784,-1.78527619830256
346,-1.44727781763908,0.53505394471338,0.366218024599701,-5.66447671817784,-1.78521003199919
347,-1.44734259409204,0.535149035672026,0.366197153133523,-5.66669975636121,-1.78514494863759
348,-1.44740682149434,0.53524416497623,0.366176291047367,-5.66893114036805,-1.78508083193862
349,-1.44747058439869,0.535339433025608,0.366155413398027,-5.6711731922471,-1.78501758634315
350,-1.44753395250385,0.535434922446916,0.366134500633188,-5.67342785277761,-1.78495513332361
351,-1.44759698315678,0.535530701179585,0.366113538216508,-5.67569674599032,-1.78489340852021
352,-1.4476597233204,0.535626825008023,0.36609251573083,-5.67798122811393,-1.78483235948235
353,-1.44772221114343,0.535723338916535,0.366071423589846,-5.68028243003673,-1.784771943861
354,-1.44778447723472,0.535820279632986,0.366050254363334,-5.68260128909139,-1.78471212794044
355,-1.44784654570939,0.53591767609236,0.366028999866129,-5.68493857447683,-1.78465288543158
356,-1.44790843506287,0.536015550851722,0.366007652767234,-5.68729491035166,-1.78459419646648
357,-1.44797015890664,0.536113921172341,0.365986205472054,-5.68967079402724,-1.78453604675232
358,-1.44803172659738,0.536212799451507,0.365964651097551,-5.69206661118351,-1.78447842685147
359,-1.44809314377724,0.536312193789749,0.365942981871602,-5.69448264974937,-1.78442133156368
360,-1.44815441284658,0.53641210844712,0.365921190813811,-5.69691910956132,-1.78436475939012
361,-1.44821553337588,0.536512543973599,0.365899272871623,-5.69937611463792,-1.78430871206597
362,-1.44827650246487,0.536613497784976,0.365877224940853,-5.70185372035308,-1.78425319415086
363,-1.44833731505623,0.53671496458038,0.365855045595102,-5.70435192030427,-1.78419821266796
364,-1.44839796421047,0.53681693609332,0.365832735602519,-5.70687065488773,-1.78414377678429
365,-1.44845844134671,0.536919401863435,0.365810297938495,-5.7094098157178,-1.78408989752689
366,-1.44851873645215,0.537022350290219,0.365787735758301,-5.71196924968081,-1.78403658752974
367,-1.44857883827177,0.537125767266331,0.365765052906496,-5.71454876725404,-1.78398386080566
368,-1.44863873447623,0.537229637733955,0.36574225446586,-5.71714814327766,-1.78393173254102
369,-1.44869841181172,0.537333945332038,0.365719344039408,-5.71976712241086,-1.78388021891067
370,-1.44875785624035,0.537438673138447,0.365696324276309,-5.72240542287186,-1.78382933690842
371,-1.44881705307058,0.537543803449695,0.365673197501324,-5.72506273677974,-1.78377910419169
372,-1.44887598707898,0.537649317667686,0.365649965545587,-5.72773873683097,-1.78372953893957
373,-1.44893464262168,0.537755196926726,0.365626629114063,-5.73043307603325,-1.7836806597226
374,-1.44899300374114,0.537861421965835,0.365603189175895,-5.73314539122021,-1.78363248538293
375,-1.44905105426342,0.537967973145258,0.365579647647297,-5.73587530487302,-1.78358503492458
376,-1.44910877788417,0.538074829926853,0.36555600705997,-5.73862242729545,-1.78353832741413
377,-1.44916615824562,0.538181972055867,0.365532271508083,-5.74138635720863,-1.78349238189094
378,-1.44922317900149,0.538289378129071,0.3655084460601,-5.74416668510197,-1.78344721728628
379,-1.44927982387279,0.538397026841902,0.365484536341164,-5.74696299402143,-1.78340285235101
380,-1.4493360766956,0.538504897250891,0.365460548271039,-5.74977485945634,-1.78335930559038
381,-1.44939192146505,0.538612968319204,0.365436487571597,-5.75260185297417,-1.78331659520499
382,-1.44944734237473,0.538721218772765,0.365412358744371,-5.75544354189778,-1.78327473903721
383,-1.449502323856,0.538829627353557,0.365388165600588,-5.75829948947031,-1.78323375452164
384,-1.44955685061579,0.538938173873837,0.365363914236727,-5.76116925804674,-1.78319365863975
385,-1.44961090766374,0.539046838284352,0.36533960711944,-5.76405240729514,-1.7831544678813
386,-1.44966448034961,0.539155600704291,0.36531524814914,-5.76694849758672,-1.78311619820599
387,-1.44971755439062,0.539264441506549,0.365290840406082,-5.76985708840727,-1.78307886501085
388,-1.44977011590009,0.539373341024444,0.365266387919159,-5.77277774091147,-1.78304248310034
389,-1.44982215140814,0.53948228003289,0.365241893500937,-5.77571001622163,-1.78300706666159
390,-1.44987364788458,0.539591239418533,0.365217361941761,-5.77865347808812,-1.78297262924097
391,-1.44992459275137,0.539700200584129,0.365192797004017,-5.78160769109317,-1.78293918372635
392,-1.44997497389758,0.539809145226003,0.365168203439424,-5.78457222442782,-1.7829067423308
393,-1.45002477968792,0.539918055473968,0.365143587110927,-5.78754664949795,-1.7828753165802
394,-1.45007399896559,0.540026913338283,0.365118952759574,-5.79053054020728,-1.7828449173044
395,-1.45012262105713,0.540135701715116,0.365094305760884,-5.79352347329027,-1.7828155546295
396,-1.45017063577388,0.540244403372181,0.365069649610443,-5.79652503096784,-1.78278723797275
397,-1.45021803341874,0.540353001964766,0.365044987505326,-5.79953479763776,-1.78275997603748
398,-1.45026480479264,0.540461481571099,0.365020322940057,-5.80255236398281,-1.78273377680913
399,-1.45031094119879,0.540569827091057,0.364995660619472,-5.80557732306801,-1.78270864755389
400,-1.45035643444183,0.540678022983064,0.364971002587712,-5.80860927266334,-1.78268459481978
401,-1.45040127683411,0.540786054758453,0.364946352990487,-5.81164781680055,-1.78266162443677
402,-1.45044546119317,0.540893908479718,0.364921714624418,-5.81469256166162,-1.78263974152045
403,-1.45048898084443,0.541001569999451,0.364897090102395,-5.81774312048505,-1.78261895047539
404,-1.45053182962122,0.541109026009755,0.364872484657111,-5.82079910976088,-1.78259925499995
405,-1.45057400185482,0.541216263308182,0.364847901221911,-5.82386015140951,-1.78258065809506
406,-1.45061549237192,0.541323268772118,0.364823345054483,-5.82692587252435,-1.78256316207159
407,-1.45065629648127,0.541430030150732,0.364798819234877,-5.82999590622282,-1.78254676856141
408,-1.4506964099697,0.541536535915559,0.36477432725607,-5.83306988965531,-1.78253147852662
409,-1.45073582909665,0.541642774249819,0.364749872783948,-5.83614746518855,-1.78251729226976
410,-1.4507745505853,0.541748733991444,0.364725457046445,-5.83922827969203,-1.7825042094454
411,-1.45081257162364,0.541854404241465,0.364701083036267,-5.84231198631816,-1.78249222906919
412,-1.45084988985696,0.541959774765073,0.364676751510521,-5.84539824385824,-1.78248134953011
413,-1.45088650338923,0.542064835292467,0.364652465574375,-5.84848671462031,-1.78247156860025
414,-1.45092241077263,0.542169575773184,0.364628229177943,-5.8515770671411,-1.78246288344856
415,-1.45095761099295,0.54227398701967,0.36460404638722,-5.85466897319536,-1.78245529065659
416,-1.45099210345528,0.542378060371098,0.364579918354882,-5.85776211295443,-1.78244878623388
417,-1.4510258879821,0.542481787133908,0.364555849364522,-5.86085616797667,-1.78244336563029
418,-1.45105896479617,0.542585158590807,0.364531839772322,-5.86395082778018,-1.78243902375276
419,-1.4510913345201,0.542688166809203,0.364507892909103,-5.86704578557031,-1.78243575497759
420,-1.45112299816105,0.542790804138228,0.364484010452567,-5.87014074020584,-1.78243355316663
421,-1.45115395710466,0.542893062774865,0.364460193212233,-5.87323539479059,-1.78243241168188
422,-1.45118421310971,0.542994936055044,0.36443644486071,-5.87632945679505,-1.78243232339887
423,-1.45121376829165,0.543096416981445,0.364412767559537,-5.87942263981534,-1.78243328072441
424,-1.45124262511111,0.543197498657575,0.364389162881117,-5.88251466154931,-1.78243527561253
425,-1.45127078636467,0.54329817481294,0.364365632503996,-5.88560524519742,-1.78243829957953
426,-1.4512982551748,0.543398439762627,0.36434217844145,-5.88869411655562,-1.78244234371952
427,-1.45132503497932,0.543498287890873,0.364318801110074,-5.89178100755585,-1.78244739872013
428,-1.45135112952675,0.543597713638179,0.364295502906787,-5.89486565480136,-1.78245345487632
429,-1.45137654286161,0.54369671194165,0.364272285230771,-5.89794780089188,-1.78246050210733
430,-1.45140127931496,0.543795278394231,0.364249150323116,-5.90102719128736,-1.78246852997203
431,-1.45142534349079,0.543893408051154,0.364226099438116,-5.90410357578345,-1.78247752768546
432,-1.45144920814655,0.543993049576702,0.364202673234958,-5.90723816757193,-1.78248768324362
433,-1.45146638250102,0.544066512712543,0.364185387386935,-5.90955718030281,-1.78249592183908
434,-1.45148064332615,0.544129009053333,0.36417066897496,-5.91153664228875,-1.78250355554664
435,-1.45149319733869,0.544185365222715,0.364157386200397,-5.91332743561906,-1.78251098571621
436,-1.45150460758335,0.544237820585203,0.364145013735443,-5.91499947539591,-1.78251839246772
437,-1.45151518950129,0.544287622603919,0.36413325869692,-5.91659170186236,-1.78252587332291
438,-1.45152514033319,0.544335548611645,0.364121938515586,-5.91812834759976,-1.78253348754696
439,-1.45153459280846,0.544382119765456,0.364110929855288,-5.91962566141026,-1.78254127415859
440,-1.45154364104426,0.544427705037739,0.364100146374589,-5.9210951383668,-1.78254926043171
441,-1.45155235441996,0.544472576072478,0.364089524551094,-5.92254524524158,-1.78255746635133
442,-1.45156078561288,0.544516939292523,0.36407901627659,-5.92398241349601,-1.78256590713636
443,-1.45156897554177,0.544560955057561,0.364068582891642,-5.92541164925583,-1.78257459475539
444,-1.45157695656127,0.544604750858693,0.364058194733322,-5.92683692523357,-1.7825835388807
445,-1.45158475460606,0.544648429390018,0.364047828115933,-5.9282614429159,-1.78259274751313
446,-1.45159239068011,0.544692073815587,0.364037464160493,-5.92968781448052,-1.78260222740469
447,-1.45159988191896,0.544735752898548,0.364027087420944,-5.93111819061588,-1.78261198435215
448,-1.45160724236837,0.544779523408075,0.36401668440135,-5.93255435513968,-1.78262202340565
449,-1.45161448356861,0.544823432613011,0.364006243873108,-5.93399779565852,-1.78263234901912
450,-1.45162161500081,0.544867520046546,0.363995756734152,-5.93544975538675,-1.78264296516117
451,-1.45162864443282,0.544911818691199,0.363985215290957,-5.93691127494769,-1.7826538753981
452,-1.45163557819325,0.544956356289378,0.363974613401526,-5.93838322501138,-1.78266508295669
453,-1.45164242139023,0.545001155276447,0.363963944565542,-5.93986633154455,-1.78267659077247
454,-1.45164917809194,0.545046234580355,0.363953204396423,-5.94136119641661,-1.78268840152609
455,-1.45165585147318,0.545091609382116,0.363942388929115,-5.94286831439425,-1.7827005176723
456,-1.45166244393761,0.545137292035083,0.363931496130962,-5.94438808765626,-1.78271294146269
457,-1.45166895721808,0.545183292327816,0.363920523114903,-5.94592083676483,-1.78272567496444
458,-1.45167539246531,0.545229617638255,0.363909468165671,-5.94746681202118,-1.78273872007417
459,-1.4516817503225,0.545276273619741,0.363898329601335,-5.94902619984621,-1.78275207852964
460,-1.45168803099093,0.545323263389086,0.363887106301726,-5.95059913223889,-1.78276575191851
461,-1.45169423428611,0.545370589476227,0.363875798801313,-5.95218569101922,-1.78277974168574
462,-1.45170035968487,0.54541825232785,0.363864406853276,-5.95378591376967,-1.78279404914046
463,-1.45170640636906,0.545466251396958,0.36385293071966,-5.95539979862061,-1.78280867546077
464,-1.45171237326343,0.545514584882516,0.363841370643847,-5.95702731102095,-1.7828236216975
465,-1.45171825907108,0.545563250014536,0.363829727833195,-5.9586683829446,-1.7828388887776
466,-1.45172406230221,0.545612243493798,0.363818003289008,-5.9603229201362,-1.78285447750698
467,-1.45172978130227,0.545661561027015,0.363806197622934,-5.96199080207855,-1.78287038857266
468,-1.45173541427783,0.545711197136358,0.363794311339392,-5.96367188751943,-1.78288662254389
469,-1.45174095932111,0.545761146517893,0.363782345044957,-5.9653660147451,-1.78290317987292
470,-1.4517464144328,0.545811403076484,0.363770300183253,-5.96707300371962,-1.78292006089522
471,-1.45175177754147,0.545861960238866,0.363758178266687,-5.96879266006719,-1.7829372658303
472,-1.45175704651987,0.545912810576533,0.363745980418513,-5.97052477637128,-1.7829547947822
473,-1.45176221920154,0.545963946888464,0.363733708994844,-5.97226913101204,-1.78297264773973
474,-1.4517672933929,0.546015361422428,0.363721366162768,-5.97402549206393,-1.78299082457749
475,-1.45177226688498,0.546067046367584,0.363708954386023,-5.97579361830758,-1.78300932505633
476,-1.45177713746339,0.546118993375264,0.363696475830117,-5.97757326119432,-1.7830281488243
477,-1.45178190291811,0.546171193827207,0.363683932286282,-5.97936416476051,-1.78304729541713
478,-1.45178656105351,0.546223639446588,0.36367132589693,-5.98116606726849,-1.78306676425814
479,-1.45179110969726,0.546276321243519,0.363658658399503,-5.98297870104521,-1.78308655465851
480,-1.45179554670888,0.546329230523295,0.36364593091843,-5.98480179487974,-1.78310666581736
481,-1.45179986999053,0.546382358735185,0.363633146593424,-5.98663507369203,-1.78312709682076
482,-1.45180407749014,0.546435696640704,0.363620306201432,-5.98847826041814,-1.78314784664315
483,-1.45180816721175,0.546489235244912,0.363607411851677,-5.99033107386684,-1.78316891414634
484,-1.45181213721978,0.546542965420126,0.363594465957069,-5.99219323262309,-1.78319029807999
485,-1.45181598564279,0.546596878118949,0.363581469933333,-5.99406445489749,-1.78321199708251
486,-1.45181971067963,0.546650964807066,0.363568427001884,-5.99594445667712,-1.78323400968082
487,-1.45182331059971,0.546705216500574,0.363555339886641,-5.9978329544768,-1.78325633429235
488,-1.45182678374387,0.546759624740558,0.36354221086878,-5.99972966496473,-1.78327896922621
489,-1.45183012852791,0.546814180061904,0.363529042083926,-6.00163430512148,-1.78330191268408
490,-1.45183334344324,0.546868874210229,0.363515834583655,-6.00354659377102,-1.78332516276137
491,-1.45183642706406,0.546923698061363,0.363502589306168,-6.0054662513471,-1.78334871744662
492,-1.45183937805218,0.546978643077947,0.363489310256283,-6.00739299734447,-1.78337257462157
493,-1.45184219515112,0.547033700699813,0.363475997822909,-6.00932655359026,-1.78339673206471
494,-1.451844877193,0.547088862630457,0.363462654118407,-6.01126664464716,-1.78342118745035
495,-1.45184742309937,0.547144121001379,0.363449282466428,-6.01321299559655,-1.78344593835021
496,-1.45184983187734,0.547199467462901,0.363435883593346,-6.01516533487075,-1.78347098223626
497,-1.45185210262422,0.547254893887559,0.363422459714711,-6.01712339378638,-1.78349631648068
498,-1.45185423452681,0.547310392193874,0.363409013231601,-6.01908690566312,-1.78352193835796
499,-1.45185622685853,0.547365954414361,0.363395545626768,-6.02105560523565,-1.78354784504724
500,-1.45185807898061,0.547421572912672,0.363382057630625,-6.02302923081578,-1.78357403363358
501,-1.45185979034632,0.547477239849891,0.363368552527928,-6.0250075241706,-1.78360050110823
502,-1.45186136049382,0.547532947788969,0.363355032188096,-6.02699022898625,-1.78362724437265
503,-1.45186278904528,0.54758868973399,0.363341498506633,-6.02897709176911,-1.78365426024057
504,-1.45186407570643,0.547644458621924,0.363327953529732,-6.03096786217835,-1.78368154544
505,-1.45186522026508,0.547700247647737,0.363314399457748,-6.03296229218053,-1.78370909661546
506,-1.45186622258869,0.547756049266468,0.363300835106637,-6.03496013799499,-1.78373691033071
507,-1.45186708263415,0.54781185724358,0.363287263034731,-6.03696115768726,-1.78376498306707
508,-1.45186780044378,0.547867664393825,0.363273686037889,-6.03896511330571,-1.78379331122718
509,-1.45186837613704,0.54792346468478,0.363260104982151,-6.0409717694624,-1.78382189113886
510,-1.45186880991416,0.54797925159981,0.363246521629046,-6.04298089478524,-1.78385071905627
511,-1.45186910205337,0.548035018903022,0.363232937141648,-6.04499225990842,-1.78387979116291
512,-1.4518692529111,0.548090760588156,0.363219354827714,-6.04700563814651,-1.78390910357321
513,-1.45186926291254,0.548146470647763,0.363205773930457,-6.04902080747335,-1.78393865233759
514,-1.45186913255986,0.548202143212336,0.363192197008694,-6.05103754907029,-1.78396843344162
515,-1.4518688624263,0.54825777233987,0.363178624321419,-6.05305564629346,-1.78399844281057
516,-1.45186845315845,0.54831335257032,0.363165058367505,-6.05507488559524,-1.78402867631001
517,-1.45186790546979,0.548368878456072,0.36315150036137,-6.0570950569986,-1.78405912975012
518,-1.45186722013976,0.548424344651964,0.363137951570106,-6.0591159532069,-1.78408979888808
519,-1.45186639801218,0.548479745423096,0.363124413541537,-6.06113737082911,-1.78412067943053
520,-1.45186543999122,0.548535075756564,0.363110886795579,-6.06315910802287,-1.7841517670368
521,-1.45186434704332,0.548590330947715,0.363097374350807,-6.06518096652888,-1.78418305732031
522,-1.45186312018786,0.54864550577388,0.363083876391172,-6.06720275112419,-1.78421454585365
523,-1.45186176049982,0.548700595484499,0.363070393979321,-6.06922427131299,-1.78424622816966
524,-1.45186026910842,0.548755595667387,0.363056928817337,-6.07124533632955,-1.78427809976398
525,-1.4518586471939,0.548810501400915,0.363043480636557,-6.07326576133454,-1.78431015609829
526,-1.45185689599109,0.548865309247466,0.36303005095909,-6.07528536264588,-1.78434239260089
527,-1.45185501678806,0.548920014234278,0.363016641435725,-6.07730396060932,-1.78437480466937
528,-1.45185301091937,0.548974612094804,0.363003254206479,-6.07932137693792,-1.78440738767461
529,-1.45185087975943,0.549029098422849,0.362989889040124,-6.0813374380141,-1.78444013696508
530,-1.45184862472585,0.54908347029616,0.36297654748284,-6.0833519714901,-1.78447304786726
531,-1.45184624727845,0.549137722833899,0.362963229826292,-6.0853648091648,-1.78450611568845
