"idx","level","true_g0","true_dens","n_true","n_detected","n_multi","n_single","det_per_ind","n_start_ok","n_peak","best_ll","far_ll","far_gap","far_is_best","max_se","adam_ll","adam_gap","best_dens_0","best_conn_0","best_conn_agri","best_conn_wtr","best_g0_1","mins"
1,"dense",-3,-0.5,270,107,44,63,1.74766355140187,5,1,-145.664270845683,-145.664270954002,1.08318459979273e-07,TRUE,0.208440323532739,NA,NA,-0.408551724564185,-0.55317361023076,0.413512731573218,-0.375029479406653,-2.90241725610477,11.6264536857605
2,"mid",-4,0.75,852,170,38,132,1.31764705882353,5,1,-130.262754619089,-130.26275487274,2.5365056899318e-07,TRUE,0.264176387052451,NA,NA,0.858619215893298,-0.465985946296172,0.892511082298615,-0.275764213168781,-4.01673352770633,18.6932462334633
3,"sparse",-5,2,2915,217,23,194,1.13824884792627,5,1,-106.504477402077,-106.504477403508,1.43100464811141e-09,TRUE,0.434811415250696,NA,NA,1.91587566397431,-0.218632787672756,1.15222028325299,-0.446083898120483,-4.97332156125439,30.4916955510775
4,"dense",-3,-0.5,252,106,45,61,1.90566037735849,5,1,-140.728241569828,-140.728241569828,0,TRUE,0.25506643408562,NA,NA,-0.239209934860568,-0.78040534363254,0.598410044582001,-0.526299944623797,-3.07928248307606,15.4982312639554
5,"mid",-4,0.75,805,142,31,111,1.33098591549296,5,1,-132.105585094275,-132.105585443563,3.49287773815377e-07,TRUE,0.225941088005851,NA,NA,0.237309581983848,-0.273986224880389,0.54086990400286,-0.254073076778984,-3.52024210218938,18.2691703637441
6,"sparse",-5,2,3023,250,23,227,1.104,5,1,-106.392611973313,-106.392612003373,3.00601783465027e-08,TRUE,0.423366954955313,NA,NA,2.22953234226128,-0.823894315848005,0.526352400832725,-0.543876255791461,-5.12868271718258,16.0364070693652
7,"dense",-3,-0.5,241,85,32,53,1.84705882352941,5,1,-123.089112011657,-123.08911201206,4.0307668314199e-10,TRUE,0.551927578599542,NA,NA,-0.192784684071581,-1.17817437532973,0.665340957833966,-0.768707230542866,-3.32183441672456,12.5450488169988
8,"mid",-4,0.75,826,151,33,118,1.33774834437086,5,1,-116.339375353122,-116.339375356723,3.60138585620007e-09,TRUE,0.264669140165176,NA,NA,0.771682009834398,-0.882326729853441,0.491258848090352,-0.538129320938842,-3.98026776552266,9.95873086849848
9,"sparse",-5,2,2972,210,16,194,1.08095238095238,5,1,-87.3308842450116,-87.3308842696445,2.46328681896557e-08,TRUE,3.69784154913253,NA,NA,3.62415358540076,-2.91052918570987,-0.251530170241905,-0.229142172351218,-6.71582161189823,19.3436418175697
10,"dense",-3,-0.5,249,84,37,47,2.04761904761905,5,1,-137.301151779004,-137.301151779009,4.91695573145989e-12,TRUE,0.258201801817774,-137.301217783416,6.60044121616465e-05,-0.264511846150496,-1.43189827283152,0.965192301346511,-1.28762066279911,-3.14477702882243,30.5116179505984
11,"mid",-4,0.75,827,147,23,124,1.23809523809524,5,1,-113.304211950502,-113.304213839939,1.88943660361929e-06,TRUE,0.281463763874985,NA,NA,0.760878610963679,-0.404078103102603,0.691287542890587,-0.76994845131349,-4.07651899468566,10.3523590644201
12,"sparse",-5,2,2951,222,17,205,1.1036036036036,5,1,-96.3564423204752,-96.3564423998989,7.94237422496735e-08,TRUE,0.480655584474885,NA,NA,2.25502987383662,-0.843567263962918,0.623375928846422,-0.520840480538302,-5.28518237364535,16.1322024345398
13,"dense",-3,-0.5,240,107,38,69,1.60747663551402,5,1,-142.625097718409,-142.625097912746,1.9433730358287e-07,TRUE,0.198497580025882,NA,NA,-0.498286236759289,-0.192830244261442,0.413212670834144,-0.333044767814856,-2.89460989209342,10.3555863658587
14,"mid",-4,0.75,865,152,28,124,1.28947368421053,5,1,-112.510273948069,-112.510273948069,0,TRUE,0.498148487814183,NA,NA,1.49615844717878,-1.37459387434196,0.517881032247999,-0.783703347247382,-4.77460750856833,11.9270934661229
15,"sparse",-5,2,2970,238,30,208,1.15546218487395,5,1,-113.781738448686,-113.78173844878,9.36495325731812e-11,TRUE,0.359677235710488,NA,NA,1.71759198928617,-0.23316293426951,1.02916759681848,-0.199705827880191,-4.65990295824753,14.8457142829895
16,"dense",-3,-0.5,232,99,37,62,1.58585858585859,5,1,-125.818850187901,-125.818850187901,0,TRUE,0.226791189897161,NA,NA,-0.44659475091641,-0.369064756492539,0.580199310768125,-0.568843937073678,-3.01226853288555,10.3556445837021
17,"mid",-4,0.75,875,170,31,139,1.3,5,1,-130.314970079723,-130.314970080387,6.63277432977338e-10,TRUE,0.22532260224022,NA,NA,0.612115420490005,-0.27301484813946,0.520911579779292,-0.954487033371218,-3.72736483884326,9.71134581565857
18,"sparse",-5,2,2928,229,18,211,1.07860262008734,5,2,-94.5858821270601,-94.5858821270601,0,TRUE,1.15588476095082,NA,NA,3.55623691683113,-2.97259342069353,2.29659568254503,-2.47378744927694,-6.58620287121141,18.207776649793
19,"dense",-3,-0.5,228,93,30,63,1.60215053763441,5,1,-118.492432195404,-118.492432195404,0,TRUE,0.238691173936492,NA,NA,-0.292396981764882,-0.670026384780791,0.594644284052603,-0.568497547745011,-3.23744293285068,9.45779753526052
20,"mid",-4,0.75,813,160,35,125,1.31875,5,1,-110.193428060409,-110.193428125092,6.46833768769284e-08,TRUE,0.357430523538214,-110.19347926817,5.12077608192385e-05,1.21075015222041,-1.07319722654864,0.57729940009465,-0.676392783389437,-4.41448233731383,31.981002052625
21,"sparse",-5,2,2892,212,24,188,1.15566037735849,5,1,-112.090799401061,-112.090799469499,6.84377567949923e-08,TRUE,0.339951431292511,NA,NA,1.7608640691468,-0.820369685361783,0.409911416336803,-0.854242204927892,-4.77687234185286,12.63825451533
22,"dense",-3,-0.5,241,85,23,62,1.36470588235294,5,1,-95.8540600234919,-95.854060572898,5.49406166783228e-07,TRUE,0.285880981109305,NA,NA,-0.353255990459523,-0.260108484672502,0.821263583191955,-0.378181293340277,-3.3875436777079,8.29654550155004
23,"mid",-4,0.75,838,152,35,117,1.34868421052632,5,1,-128.505324129494,-128.505324130509,1.01482555692201e-09,TRUE,0.265884189636125,NA,NA,0.540768952397236,-0.535615153274727,0.612508925297929,-0.172085168645603,-3.76531300400397,10.0262060840925
24,"sparse",-5,2,2981,250,22,228,1.112,5,1,-109.071755371542,-109.071755374336,2.79358403076913e-09,TRUE,0.3370708110476,NA,NA,2.05363598269365,-0.226944598706111,0.873952505565451,-0.649955273077681,-4.97557550623975,16.5233187993368
25,"dense",-3,-0.5,245,90,44,46,1.83333333333333,5,1,-137.272296324288,-137.272296324288,0,TRUE,0.211852579915439,NA,NA,-0.693389948824588,-0.290023984027477,0.398312845858614,-0.637465622911567,-2.80360774844192,8.69424871603648
26,"mid",-4,0.75,831,149,33,116,1.35570469798658,5,1,-114.688923407721,-114.688923415712,7.99067834122980e-09,TRUE,0.780603453242026,NA,NA,1.75673963098154,-2.71946331224984,2.29857838159436,-1.53156372935871,-5.00801678591827,13.7235132018725
27,"sparse",-5,2,2895,216,26,190,1.13425925925926,5,1,-101.526167367737,-101.526167367891,1.54415147335385e-10,TRUE,0.556403198060146,NA,NA,2.12799783034448,-1.14382437490551,0.543042838414146,-0.426879409856117,-5.14443545733601,16.2575871507327
28,"dense",-3,-0.5,243,92,37,55,1.69565217391304,5,1,-123.963235993855,-123.963235994325,4.70691929876921e-10,TRUE,0.260632045934965,NA,NA,-0.282519066899491,-0.837180727167117,0.536806506731926,-0.497812744415444,-3.21121888554312,11.5198876857758
29,"mid",-4,0.75,854,131,26,105,1.27480916030534,5,1,-116.263731274885,-116.263731346533,7.16472356998565e-08,TRUE,0.292786351200285,NA,NA,0.362781529989554,-0.376786496187403,0.362259459142404,-0.786464868668614,-3.74346346950997,11.1559963822365
30,"sparse",-5,2,2982,250,34,216,1.168,5,1,-115.614925128506,-115.614925163039,3.45323627470862e-08,TRUE,0.300200037129633,-115.614960626949,3.54984426991223e-05,1.702043708811,-0.547833389773743,0.2196534759742,-0.505707154015556,-4.57545006276538,37.6354211846987
31,"dense",-3,-0.5,258,95,44,51,1.93684210526316,5,1,-149.274036187279,-149.274036187279,0,TRUE,0.211438091948347,NA,NA,-0.611921621877882,-0.356606938235244,0.438197626970107,-0.436851920806,-2.83782981186488,8.41993165016174
32,"mid",-4,0.75,830,135,27,108,1.26666666666667,5,1,-111.315580694719,-111.315581277981,5.83262050213307e-07,TRUE,0.249540007165085,NA,NA,0.410319536434394,-0.431501120734912,0.916873559447971,-0.361081949167353,-3.74183158600368,8.95362538496653
33,"sparse",-5,2,3039,232,21,211,1.09913793103448,5,1,-97.2250399598633,-97.2250399598832,1.99520400201436e-11,TRUE,0.384517576379746,NA,NA,2.15367905301045,-0.680432910467873,-0.00554820386154796,-0.980379977592918,-5.139115688581,17.6678780317307
34,"dense",-3,-0.5,255,107,34,73,1.74766355140187,5,1,-133.439190257823,-133.43919026605,8.22601009531354e-09,TRUE,0.252736331479629,NA,NA,-0.226837909970034,-0.843101019257898,0.255830856510813,-0.817489704339646,-3.05474193883724,8.39297723372777
35,"mid",-4,0.75,808,141,24,117,1.20567375886525,5,1,-102.072080739221,-102.072081240178,5.00956730320468e-07,TRUE,0.326182594119289,NA,NA,0.897832295625744,-0.627458350654252,0.49767954544641,-0.742255437631271,-4.26826125926391,9.09370183149974
36,"sparse",-5,2,2887,240,31,209,1.15,5,1,-114.582681002097,-114.582681002097,0,TRUE,0.342595012094232,NA,NA,2.1541013624086,-0.582706963522446,0.43781627273899,-1.42172182246165,-5.09031877033691,14.9615600188573
37,"dense",-3,-0.5,239,85,27,58,1.55294117647059,5,1,-112.039521612938,-112.039523280043,1.66710537996551e-06,TRUE,0.267139019903916,NA,NA,-0.40684627154558,-0.532928990683654,0.524480666880447,-0.489605023143729,-3.255348712923,9.73706553379695
38,"mid",-4,0.75,869,180,30,150,1.23888888888889,5,1,-110.652610961981,-110.65261096199,8.89599505171645e-12,TRUE,0.289485285881486,NA,NA,1.16143748955375,-0.513784565467362,0.723125550539587,-0.692312437102097,-4.30213078874019,11.8052333513896
39,"sparse",-5,2,3004,224,22,202,1.11607142857143,5,1,-109.60129995276,-109.60129995276,0,TRUE,0.317122096268626,NA,NA,1.71043505200844,0.0930613898719857,0.666517600813227,-0.600233801266167,-4.7544654060911,14.4635509649913
40,"dense",-3,-0.5,269,97,39,58,1.7319587628866,5,1,-139.900223397905,-139.900223406751,8.84566020431521e-09,TRUE,0.196191085524589,-139.900602329583,0.000378931677204264,-0.632867538899624,-0.461992016027166,0.455702919849185,-0.287237546614206,-2.73042364849269,28.5750031312307
41,"mid",-4,0.75,839,158,32,126,1.25949367088608,5,1,-109.292807381874,-109.29280778394,4.02066831384218e-07,TRUE,0.372964708658176,NA,NA,1.0691992069481,-1.00400953538912,0.13623137838428,-0.516046411251862,-4.28807267793077,9.74329801797867
42,"sparse",-5,2,2981,210,20,190,1.1,5,1,-91.4149199534458,-91.4149199817013,2.82555134845097e-08,TRUE,0.500063343254024,NA,NA,2.3223748568276,-0.94052562439562,0.758204424945272,-0.801264694390756,-5.40552210849544,15.0502725481987
43,"dense",-3,-0.5,235,76,25,51,1.69736842105263,5,1,-125.761196111048,-125.76119611152,4.72368810733315e-10,TRUE,0.339275112181103,NA,NA,-0.718981342934865,-0.546742260304764,1.13502337677432,0.148064360495618,-2.88997903535034,10.5333616495132
44,"mid",-4,0.75,811,149,21,128,1.20805369127517,5,1,-113.675404962418,-113.675410315732,5.35331410844719e-06,TRUE,0.282408460609722,NA,NA,0.8263475863611,-0.230256977220668,0.606266615690431,-0.536551654690918,-4.18477188223848,9.00134199857712
45,"sparse",-5,2,2974,235,22,213,1.11063829787234,5,1,-115.442710297076,-115.442710297094,1.89004367712187e-11,TRUE,0.31536195984589,NA,NA,1.68873444178775,-0.147655364860369,0.667516959168657,-0.234798736098696,-4.66941846745475,15.4489795327187
46,"dense",-3,-0.5,260,97,43,54,1.91752577319588,5,1,-154.574941956655,-154.574941975589,1.89332638456108e-08,TRUE,0.201908104874389,NA,NA,-0.639663051433153,-0.291459877998526,0.384653805564145,-0.495775457326442,-2.78050030302896,7.97110413710276
47,"mid",-4,0.75,835,175,41,134,1.30857142857143,5,1,-123.387164620275,-123.387165916524,1.29624966405117e-06,TRUE,0.2442621637397,NA,NA,0.708692886578763,-0.27499411324484,0.663027649849835,-0.418657931435531,-3.84104131934313,10.9929447174072
48,"sparse",-5,2,2932,218,23,195,1.11926605504587,5,2,-95.3142740005618,-95.3142740006106,4.88569185108645e-11,TRUE,0.409265939906465,NA,NA,2.24227223702103,-0.567050954842884,0.563634683978294,-1.26070001401775,-5.2986401117188,17.0841082811356
49,"dense",-3,-0.5,270,117,45,72,1.74358974358974,5,1,-155.350202674401,-155.350202863723,1.8932254874926e-07,TRUE,0.218581015469325,NA,NA,-0.417419914192636,-0.284236510077833,0.468773321910224,-0.707518480174153,-2.81742755864246,9.21610166629156
50,"mid",-4,0.75,844,177,31,146,1.26553672316384,5,1,-120.448392903921,-120.448393149138,2.4521658303911e-07,TRUE,0.282141747623743,-120.448605373407,0.000212469485191491,1.10995078388923,-0.486232723090623,1.04737099156774,-0.421290447848576,-4.25539169402595,31.1477693518003
51,"sparse",-5,2,2994,224,24,200,1.11160714285714,5,1,-114.231701339552,-114.231701339806,2.5433166683797e-10,TRUE,0.30215022291714,NA,NA,1.54542515112837,-0.157950833455845,0.263151961849743,-0.547118523510457,-4.56577674847685,16.9956438183784
52,"dense",-3,-0.5,244,92,36,56,1.77173913043478,5,1,-125.033369403623,-125.033369403623,0,TRUE,0.245987655975289,NA,NA,-0.359912119616687,-0.722177180924764,0.553700749918406,-0.345009341478505,-3.14268444163086,7.98815688292185
53,"mid",-4,0.75,844,163,42,121,1.34355828220859,5,1,-118.321119022133,-118.321119061382,3.92480643540694e-08,TRUE,0.336954589329508,NA,NA,1.00936138127042,-0.910622831460358,0.433883316826188,-0.726530547492218,-4.17439335114504,10.8464444319407
54,"sparse",-5,2,2989,240,31,209,1.14166666666667,5,1,-97.4519307396434,-97.4519307396434,0,TRUE,0.687530811149075,NA,NA,2.66175564457558,-1.65176204143044,0.374531448786991,-0.448645846706604,-5.57652096220107,14.8097511490186
55,"dense",-3,-0.5,243,92,27,65,1.46739130434783,5,1,-122.264505171588,-122.264505171588,0,TRUE,0.239822010591848,NA,NA,-0.544355965943476,-0.27382127582746,0.465088237691855,-0.226190509494479,-3.0336912997374,8.80488543510437
56,"mid",-4,0.75,891,167,28,139,1.24550898203593,5,1,-119.985043047197,-119.9850447255,1.67830242503442e-06,TRUE,0.257233258220761,NA,NA,0.719332877032273,-0.0969393053873646,0.737965609561647,-0.245678381564564,-3.94375757413862,9.77637758255005
57,"sparse",-5,2,2999,240,27,213,1.11666666666667,5,1,-98.4525399804491,-98.4525399807144,2.65259814113961e-10,TRUE,0.537395759433863,NA,NA,2.51383202791619,-1.15606544777668,0.815441415351265,-0.252292663641141,-5.45518970938245,16.7328785657883
58,"dense",-3,-0.5,234,83,39,44,2.08433734939759,5,1,-141.306211769747,-141.306212824444,1.05469678146619e-06,TRUE,0.226639159498049,NA,NA,-0.687346275554115,-0.707648091916596,0.473384311276279,-0.49717132970804,-2.78342435156036,8.26831254959106
59,"mid",-4,0.75,902,171,26,145,1.2046783625731,5,1,-111.588022536768,-111.588022545991,9.22234733025107e-09,TRUE,0.303197492045652,NA,NA,1.12292738898894,-0.581438054179604,0.537231383618702,-0.593450344363134,-4.32095212941189,10.1359675168991
60,"sparse",-5,2,2983,230,15,215,1.0695652173913,5,1,-87.250239105207,-87.2502391235388,1.83318178414993e-08,TRUE,0.481118835144123,-87.250527592041,0.000288486834023161,2.2826990562883,-0.0976538049052486,1.20399026447226,0.0286054957121028,-5.32355035948926,37.2713773488998
61,"dense",-3,-0.5,259,93,39,54,1.80645161290323,5,1,-138.974588730888,-138.974588730888,0,TRUE,0.222535000327468,NA,NA,-0.620121622202473,-0.442936364153658,0.381142387162931,-0.769211880003593,-2.80402431146153,11.530367565155
62,"mid",-4,0.75,815,135,22,113,1.25925925925926,5,1,-100.357018661999,-100.357020783742,2.12174275304733e-06,TRUE,0.351306627672389,NA,NA,0.83420659315812,-0.196118993704969,0.995639084215795,-0.949394984698809,-4.26784179901506,11.7072240829468
63,"sparse",-5,2,2896,218,24,194,1.14220183486239,5,1,-112.500949866754,-112.500949866791,3.65645291822148e-11,TRUE,0.284064299715081,NA,NA,1.50210287230335,-0.192787292024786,0.569609678241296,-0.453463108827715,-4.53693111160787,14.6572581648827
64,"dense",-3,-0.5,260,84,35,49,1.78571428571429,5,1,-130.418391791011,-130.41839181482,2.38090649418154e-08,TRUE,0.268425341903339,NA,NA,-0.423398525647594,-0.847943939877172,0.297169978809641,-0.65917816565613,-3.13114244737016,8.81593329906464
65,"mid",-4,0.75,819,161,35,126,1.3167701863354,5,1,-123.772047040827,-123.772048636301,1.59547491307421e-06,TRUE,0.23812211109448,NA,NA,0.545954713378501,-0.207151374292748,0.529260486966647,-0.382966781065124,-3.76543956107416,9.47109940052033
66,"sparse",-5,2,2864,229,27,202,1.13100436681223,5,1,-106.128766754329,-106.128766754329,0,TRUE,0.39854006318143,NA,NA,1.94883300725885,-0.68853971188331,0.585449011154466,-0.557859811998335,-4.92530123719849,16.2533048351606
67,"dense",-3,-0.5,268,117,45,72,1.74358974358974,5,1,-140.568339226332,-140.568339701732,4.75399531296716e-07,TRUE,0.257093906683775,NA,NA,-0.00821890931452005,-0.75921762622432,0.411531977846553,-0.767557351371315,-3.28334741603548,8.90136464834213
68,"mid",-4,0.75,841,177,42,135,1.31073446327684,5,1,-128.989708315013,-128.989708514955,1.99942064682546e-07,TRUE,0.229558748615392,NA,NA,0.644671977590555,-0.199740826881261,0.313717922335522,-0.638719956103565,-3.76783633870196,9.44833513100942
69,"sparse",-5,2,2971,204,22,182,1.13725490196078,5,1,-105.593037079008,-105.593037126028,4.70205492320019e-08,TRUE,0.314734181801508,NA,NA,1.51692051007819,-0.30410987874927,0.507875817460434,-0.455499287538434,-4.6188774690463,14.2261522690455
70,"dense",-3,-0.5,259,100,38,62,1.71,5,1,-128.096626514208,-128.0966265294,1.51927679326036e-08,TRUE,0.228833904659299,-128.096770411672,0.000143897464539577,-0.336726389310631,-0.751822510224661,0.859885399619788,-0.253123402513828,-3.01795004767697,29.003879682223
71,"mid",-4,0.75,856,147,25,122,1.22448979591837,5,1,-112.004656524524,-112.004657359022,8.34497569712767e-07,TRUE,0.279434506541314,NA,NA,0.582550473816674,-0.220455808420898,0.772007854880575,-0.395062377673713,-3.90319603150311,12.0359254360199
72,"sparse",-5,2,2948,235,20,215,1.0936170212766,5,1,-91.102916968681,-91.102916968681,0,TRUE,0.932383524578781,NA,NA,2.98539837240967,-1.59326947995987,0.671202564913801,-0.900901444975432,-5.96328709518747,17.8559227665265
73,"dense",-3,-0.5,264,94,28,66,1.46808510638298,5,1,-108.639689809322,-108.639689809322,1.56319401867222e-13,TRUE,0.291969793171764,NA,NA,-0.278811672280916,-0.59861617417486,0.909809917025623,-0.275736725839097,-3.25183380793334,9.6600155154864
74,"mid",-4,0.75,867,158,33,125,1.32911392405063,5,1,-103.567219130979,-103.567219130979,0,TRUE,0.404894706717401,NA,NA,1.45365732446969,-1.34668588967927,0.516998219587969,-0.952830987131057,-4.67592148088118,11.9147048195203
75,"sparse",-5,2,2924,221,25,196,1.12217194570136,5,2,-92.5483625231128,-92.5483625231425,2.97148972094874e-11,TRUE,0.881384214404878,NA,NA,2.79556251715439,-1.94878913105286,0.357223777010452,-0.88946794307456,-5.79547557894633,17.7490244825681
76,"dense",-3,-0.5,262,90,34,56,1.73333333333333,5,1,-131.592256100414,-131.59225625842,1.58006258743626e-07,TRUE,0.219098140798031,NA,NA,-0.491882102566256,-0.727530346826694,0.587231752881002,-0.536959068347019,-2.96000572450777,9.52911738157272
77,"mid",-4,0.75,871,141,23,118,1.22695035460993,5,1,-99.341761874641,-99.341761874641,0,TRUE,0.442976015836463,NA,NA,1.12069680069416,-0.815557130352044,0.941256842577278,-0.84293093076351,-4.48682663458647,12.2551052967707
78,"sparse",-5,2,2861,224,25,199,1.12946428571429,5,1,-101.79877849976,-101.798778499798,3.72182284991140e-11,TRUE,0.443775598221438,NA,NA,2.16735956461806,-0.836384457292112,0.602115057898534,-0.802931967003353,-5.17287511008609,15.0520890673002
79,"dense",-3,-0.5,231,83,28,55,1.56626506024096,5,1,-111.926056362284,-111.926056576803,2.14519033647775e-07,TRUE,0.256498125410789,NA,NA,-0.564922084611323,-0.370124573599639,0.736332997501649,-0.461866470061168,-3.09396456995512,8.80401908159256
80,"mid",-4,0.75,850,150,31,119,1.32,5,1,-130.625393547857,-130.625393557608,9.75123271018674e-09,TRUE,0.243508719135024,-130.625642751597,0.000249203740708026,0.355653795130617,-0.288735607452382,0.678151576235352,-0.296407510716364,-3.58787728964931,32.8860913674037
81,"sparse",-5,2,2939,213,27,186,1.13615023474178,5,1,-108.825185875833,-108.825185875926,9.27258270166931e-11,TRUE,0.317712804304339,NA,NA,1.51133624371639,-0.299508734041876,0.427087423134502,-0.340741212742416,-4.57142773360316,17.746171716849
82,"dense",-3,-0.5,239,95,36,59,1.63157894736842,5,1,-133.358511144153,-133.358513008024,1.86387052281134e-06,TRUE,0.210286692654806,NA,NA,-0.533842516878683,-0.262979006061208,0.179617296264763,-0.874754874511599,-2.96747724611904,8.20482459863027
83,"mid",-4,0.75,848,168,40,128,1.33333333333333,5,1,-137.582077386173,-137.582135290502,5.79043288553294e-05,TRUE,0.23565336050078,NA,NA,0.551606862615789,-0.260939137122009,0.573222461554771,-0.565941168576017,-3.69372154217372,9.81285928487778
84,"sparse",-5,2,2995,237,17,220,1.08860759493671,5,1,-97.640547300136,-97.6405474481044,1.47968393093834e-07,TRUE,0.437436905691054,NA,NA,2.36311006687139,-0.426666928379895,0.824289314161037,-0.769358654578269,-5.35603137559502,17.6766509811083
85,"dense",-3,-0.5,232,81,31,50,1.97530864197531,5,1,-131.367722971999,-131.367724341553,1.36955412699535e-06,TRUE,0.273589728337573,NA,NA,-0.660365556922568,-0.367904010292791,0.982291280658308,-0.476109132023343,-2.96276107740516,10.1013495643934
86,"mid",-4,0.75,821,151,22,129,1.18543046357616,5,1,-110.472868320338,-110.472868320451,1.13772102849907e-10,TRUE,0.346176417501664,NA,NA,0.819137667067029,-0.214376276224357,1.09309672094661,-0.188977861688292,-4.14016833127592,12.0706921180089
87,"sparse",-5,2,2979,232,21,211,1.10775862068966,5,2,-99.7096580752799,-99.920253592758,0.210595517478126,FALSE,NA,NA,NA,3.26529036922359,-14.7759361431334,15.2407492727813,-17.9696737684204,-6.25009214305595,24.0254039525986
88,"dense",-3,-0.5,251,74,31,43,1.64864864864865,5,1,-111.28136943446,-111.281370330787,8.96326852739548e-07,TRUE,0.284471728363742,NA,NA,-0.642991479277813,-0.575109159713933,0.21583934152299,-0.512325806093178,-3.10833207768706,9.29656793276469
89,"mid",-4,0.75,825,169,36,133,1.30177514792899,5,1,-124.428467478032,-124.428470778936,3.30090392708371e-06,TRUE,0.298409977423254,NA,NA,0.902753689277792,-0.656858174994062,0.162013659254864,-0.579022019223717,-4.06851172647404,10.8924918651581
90,"sparse",-5,2,3041,238,26,212,1.11764705882353,5,1,-108.158910555187,-108.158910555187,0,TRUE,0.57092200837243,-108.15898688748,7.63322928065691e-05,2.33707862380907,-0.961323668511392,0.922532633384353,-0.336784982928908,-5.28392279224968,44.513247235616
91,"dense",-3,-0.5,219,77,32,45,1.74025974025974,5,1,-121.4746667027,-121.4746667027,2.41584530158434e-13,TRUE,0.232142668835925,NA,NA,-0.8319579639065,-0.455064983774678,0.449834721226626,-0.28696484877545,-2.78846715523971,9.53975375096003
92,"mid",-4,0.75,843,156,30,126,1.24358974358974,5,1,-116.365103253753,-116.365103279246,2.54934349186442e-08,TRUE,0.271374366630055,NA,NA,0.639633541316416,-0.311879075573735,0.585034946078984,-0.107125288951731,-3.90990368891916,9.19074726502101
93,"sparse",-5,2,2962,215,22,193,1.11627906976744,5,2,-108.139001244279,-114.713882268275,6.57488102399623,FALSE,0.471117581148406,NA,NA,2.00151131497609,-0.403736266145968,0.460118464849439,-0.855694273233852,-5.07606312999229,15.7937592506409
94,"dense",-3,-0.5,237,79,32,47,1.75949367088608,5,1,-116.690538042375,-116.690540181903,2.13952857563982e-06,TRUE,0.230776416412323,NA,NA,-0.755655407120968,-0.551101908051462,0.980551903595047,-0.29999442997677,-2.79112633593225,9.07582774957021
95,"mid",-4,0.75,833,148,31,117,1.30405405405405,5,1,-114.561909893298,-114.561909898254,4.95623453389271e-09,TRUE,0.384494121691286,NA,NA,1.20603581854591,-1.4653586696567,0.741084125398098,-0.67537197971322,-4.42099293965834,8.89227556387583
96,"sparse",-5,2,2903,192,19,173,1.109375,5,2,-95.4658921475695,-95.4658921476245,5.49533751836861e-11,TRUE,0.666861832147958,NA,NA,2.39282916467614,-1.0492402991521,0.815415808687502,-0.339708374432452,-5.57669817138399,19.5349422812462
97,"dense",-3,-0.5,262,90,37,53,1.78888888888889,5,1,-116.435901366734,-116.435901611458,2.44723437958783e-07,TRUE,0.309281450418476,NA,NA,0.0133097513291117,-1.41498074728876,0.513029806584166,-0.658465653386645,-3.44552562365866,8.02621190150579
98,"mid",-4,0.75,883,162,28,134,1.21604938271605,5,2,-117.529753323094,-117.529753323492,3.98344468521827e-10,TRUE,0.3154973754748,NA,NA,0.99821462223035,-0.65465915695349,0.456447974457249,-0.173414459302781,-4.24321587486199,13.3482980171839
99,"sparse",-5,2,2973,215,15,200,1.07906976744186,5,1,-93.7240644290468,-93.7240644290468,0,TRUE,0.352846215760945,NA,NA,1.75166592216736,-0.0305564100948337,0.496602478296914,-0.0833851054144435,-4.85404084292097,13.125499300162
100,"dense",-3,-0.5,223,93,32,61,1.78494623655914,5,1,-129.867782214055,-129.867782218047,3.99219857172284e-09,TRUE,0.295457679532509,-129.867872267496,9.00534405730014e-05,-0.215331974309875,-0.919127014930082,0.543416174048282,-0.659173603215068,-3.25879941230819,28.5166395147642
101,"mid",-4,0.75,868,148,38,110,1.49324324324324,5,1,-134.804973396065,-134.804976839232,3.44316723044358e-06,TRUE,0.259924938420766,NA,NA,0.610560919048895,-0.435273277546409,0.826430665123319,-0.817689491223143,-3.86365518115866,10.0242564360301
102,"sparse",-5,2,2920,231,25,206,1.12987012987013,5,1,-105.307795636069,-105.307795637065,9.96521976048825e-10,TRUE,0.437488468430847,NA,NA,2.22765487194925,-0.980505712667195,0.868129050014311,-0.233644007879366,-5.19488262347666,27.5559851169586
103,"dense",-3,-0.5,269,116,41,75,1.60344827586207,5,1,-138.494945651442,-138.494945651442,0,TRUE,0.202280578374252,NA,NA,-0.183225059268413,-0.61310958849746,0.794950883401832,-0.490302187762207,-3.08063099825816,8.45365051825841
104,"mid",-4,0.75,843,150,29,121,1.28,5,1,-121.023233975887,-121.023233977174,1.28747501548787e-09,TRUE,0.256026274531575,NA,NA,0.556233946366426,-0.496158787092109,0.46026067702429,-0.788715086142853,-3.78769138309671,12.2549347480138
105,"sparse",-5,2,2892,215,16,199,1.08837209302326,5,2,-99.8242967044341,-117.926922577696,18.1026258732624,FALSE,0.434046785774609,NA,NA,2.11949992079104,-0.729428680913127,0.150042053984971,-0.401206719053032,-5.19317486022679,16.173427315553
106,"dense",-3,-0.5,247,106,35,71,1.50943396226415,5,1,-119.813063221999,-119.813063887476,6.6547687538332e-07,TRUE,0.2454887316826,NA,NA,-0.0735894070470033,-0.594120841063123,0.984788820496728,-0.576933055494667,-3.36241344799269,9.59972045024236
107,"mid",-4,0.75,878,159,36,123,1.32075471698113,5,1,-124.714501385718,-124.714504605684,3.21996643037892e-06,TRUE,0.310440581408255,NA,NA,0.908778299028057,-0.602921547306054,0.854702915932203,-0.643812264784655,-4.12548623269932,10.7673080325127
108,"sparse",-5,2,3044,202,18,184,1.09405940594059,5,1,-88.1472237391097,-88.1472237391097,0,TRUE,0.536240925531568,NA,NA,2.13442586032035,-0.371813091576914,0.476582347890018,-1.29176081787899,-5.27932325976823,16.5185332814852
109,"dense",-3,-0.5,251,89,32,57,1.74157303370787,5,1,-126.860927193408,-126.860927193412,3.90798504668055e-12,TRUE,0.232027234522785,NA,NA,-0.535753173017036,-0.471291599374376,0.965546321272252,-0.402690152248967,-2.98169197616161,11.379018898805
110,"mid",-4,0.75,882,170,37,133,1.30588235294118,5,1,-134.470110579155,-134.47011128233,7.03175487615226e-07,TRUE,0.265159955667278,-134.470998387374,0.000887808219800945,0.725919597835064,-0.205694593938438,0.898604212485538,-0.317325518556681,-3.8957847384502,32.951019581159
111,"sparse",-5,2,2916,223,19,204,1.08968609865471,5,1,-96.8824566513202,-96.8824566513312,1.09423581307055e-11,TRUE,0.595904446571156,NA,NA,2.50996522300299,-1.19611158211695,0.733148174583392,-0.572750645257937,-5.5277887893519,16.5603510975838
112,"dense",-3,-0.5,259,104,42,62,1.66346153846154,5,1,-142.537227226346,-142.537227522302,2.9595611295008e-07,TRUE,0.250380714530715,NA,NA,-0.381866981448734,-0.266621979550833,1.04576410445732,-0.231999883584064,-3.0349114911753,8.88046925067902
113,"mid",-4,0.75,859,167,31,136,1.31736526946108,5,1,-135.563167811782,-135.563167832497,2.07145660624519e-08,TRUE,0.232639270910938,NA,NA,0.552880796894002,-0.244485117010733,0.766524380720008,-0.334068546636298,-3.70424863052454,9.18131296634674
114,"sparse",-5,2,2954,224,25,199,1.125,5,1,-97.6927475330019,-97.6927475330559,5.4029669627198e-11,TRUE,0.41830935846595,NA,NA,2.07545567649306,-0.576335001686814,0.723776438417257,-0.63611150629512,-5.09677912195354,18.9793142994245
115,"dense",-3,-0.5,236,88,44,44,2.01136363636364,5,1,-141.424116496751,-141.424116678778,1.82026809625313e-07,TRUE,0.211653797762437,NA,NA,-0.682758873789392,-0.596690554037527,0.427957918839521,-0.23982807401921,-2.75275139704673,9.32580244938532
116,"mid",-4,0.75,861,152,25,127,1.21052631578947,5,1,-109.861731627095,-109.861731874473,2.47378238782403e-07,TRUE,0.295290181029797,NA,NA,0.860536069222125,-0.346052673968782,0.358296282071587,-0.774537532037357,-4.18315918370548,10.6157488505046
117,"sparse",-5,2,2926,211,27,184,1.13744075829384,5,1,-107.15393772411,-107.153937724126,1.55324642037158e-11,TRUE,0.313674121023442,NA,NA,1.53950261817467,-0.535349752467066,0.00968150250798141,-0.676969411126923,-4.58259992372786,16.1310002326965
118,"dense",-3,-0.5,233,100,43,57,1.9,5,1,-140.282367145524,-140.282369442566,2.29704158982713e-06,TRUE,0.246736503643886,NA,NA,-0.542382965816061,-0.39319560805728,1.0800219092534,-0.298001386620214,-2.80026709322909,9.68696006536484
119,"mid",-4,0.75,842,162,37,125,1.32098765432099,5,1,-135.176768225132,-135.176768317854,9.27214784951502e-08,TRUE,0.228049197692404,NA,NA,0.50330589313289,-0.293446516170019,0.475770414065066,-0.489711365797153,-3.68348169161502,9.26502361694972
120,"sparse",-5,2,2864,253,25,228,1.10671936758893,5,2,-90.4449415971534,-90.4449415978569,7.03423097547784e-10,TRUE,0.556333996284078,-90.4452832527624,0.000341655608949054,2.87094504396413,-1.13201954071459,1.47713990129594,-0.539115486407038,-5.78531733948501,42.0250854492188
121,"dense",-3,-0.5,242,80,34,46,1.875,5,1,-121.949026934883,-121.949027646937,7.1205441543043e-07,TRUE,0.378330739250998,NA,NA,-0.386620508899911,-0.664848845939926,0.742691647297108,-0.44150784666569,-3.31790466039766,10.0167862176895
122,"mid",-4,0.75,830,156,36,120,1.28846153846154,5,1,-117.031932290709,-117.031932290709,0,TRUE,0.325757426893667,NA,NA,0.927240507222351,-0.768250321767032,0.394059316587528,-0.772432194503754,-4.15564062708671,8.84406588474909
123,"sparse",-5,2,2994,253,28,225,1.11857707509881,5,1,-113.439342239714,-113.439342239714,0,TRUE,0.37263872773271,NA,NA,2.010603868603,-0.614994945929913,0.667540457783949,-0.256220932127244,-4.89627219782118,14.9296374320984
124,"dense",-3,-0.5,220,84,36,48,1.75,5,1,-117.388050142381,-117.388050356926,2.14544144228057e-07,TRUE,0.293023543969895,NA,NA,-0.48334964021458,-0.706241874728163,0.509336210167517,-0.443450581506528,-3.09816481192835,9.50433684984843
125,"mid",-4,0.75,829,142,29,113,1.27464788732394,5,1,-114.735710132675,-114.735710281614,1.48938198663018e-07,TRUE,0.257709295814695,NA,NA,0.497685890644834,-0.353943460315832,0.480583636377771,-0.2203084684937,-3.84525675640255,9.71724548339844
126,"sparse",-5,2,3016,250,31,219,1.14,5,1,-139.235623702715,-139.235623702715,0,TRUE,0.236429301728885,NA,NA,1.28862383245931,0.204688077947106,0.467398326340278,-0.276628953339423,-4.18965698654453,14.1137617190679
127,"dense",-3,-0.5,265,91,35,56,1.59340659340659,5,1,-127.730332986779,-127.73033298678,8.66862137627322e-13,TRUE,0.238486149303333,NA,NA,-0.669399959081228,-0.504082672068004,0.933141599216005,-0.446414655177628,-2.71958828827828,11.3489844997724
128,"mid",-4,0.75,861,163,45,118,1.38036809815951,5,1,-129.001691725331,-129.001693680427,1.95509517197934e-06,TRUE,0.243271577326251,NA,NA,0.560274635261535,-0.324765082673851,0.507221991439364,-0.597902105189757,-3.73312073545798,9.30889276663462
129,"sparse",-5,2,3057,264,26,238,1.10606060606061,5,1,-102.966450211082,-102.966450211082,0,TRUE,0.410510103191356,NA,NA,2.39010327739968,-0.732179147065878,0.706551264950882,-0.76569958108076,-5.24639826444457,18.4687678694725
130,"dense",-3,-0.5,263,99,37,62,1.75757575757576,5,1,-124.087169250736,-124.087172967112,3.71637605667274e-06,TRUE,0.273978599330948,-124.087257387808,8.81370724812314e-05,-0.0879475910943037,-0.926309544419173,0.433124905056025,-0.854676020018026,-3.34738658898636,28.9504267334938
131,"mid",-4,0.75,829,154,31,123,1.31818181818182,5,1,-132.280159828745,-132.280160228873,4.00127476041234e-07,TRUE,0.240653475621962,NA,NA,0.549259603384292,-0.360567781694799,0.357791602646693,-0.45158448954263,-3.8024063672183,9.13554180065791
132,"sparse",-5,2,2933,225,19,206,1.10222222222222,5,1,-98.47586090282,-98.4758609030136,1.93523419511621e-10,TRUE,0.662682265668689,NA,NA,2.49186896804782,-1.17463337895305,0.65090022260848,-0.427537170795392,-5.50174410927471,16.8463033517202
133,"dense",-3,-0.5,241,76,27,49,1.55263157894737,5,1,-110.089588020864,-110.089588020873,8.93862761586206e-12,TRUE,0.286957279979173,NA,NA,-0.701384175554488,-0.391982262518496,0.986377139142809,-0.267461198758338,-2.99516204874467,9.52480216821035
134,"mid",-4,0.75,816,156,39,117,1.3525641025641,5,1,-123.679474537277,-123.679477017002,2.47972580780242e-06,TRUE,0.262556162007485,NA,NA,0.554227286601933,-0.235016050095516,0.797400067477029,-0.432001706205443,-3.78679445579859,8.99327368338903
135,"sparse",-5,2,2878,226,22,204,1.10619469026549,5,1,-95.8792599248389,-95.8792599264639,1.62501123668335e-09,TRUE,0.796855385991551,NA,NA,2.50599276571735,-1.16952431881669,0.835141964246737,-0.274522114871219,-5.51149468171314,21.8040792822838
136,"dense",-3,-0.5,231,74,31,43,1.7027027027027,5,1,-120.716570183313,-120.716576562616,6.37930217806115e-06,TRUE,0.228830006922269,NA,NA,-0.897944235685944,-0.283712286652488,0.204917506875562,-0.447111992580773,-2.81685252819332,10.3408336679141
137,"mid",-4,0.75,853,142,32,110,1.3943661971831,5,1,-111.656615661167,-111.656619204126,3.54295903548518e-06,TRUE,0.314783781723332,NA,NA,0.989121123341626,-0.989761802855871,0.495855404248781,-1.08291146824237,-4.28835336818693,10.2654546022415
138,"sparse",-5,2,2884,223,26,197,1.13452914798206,5,1,-114.766342235861,-114.766342236425,5.64469360142539e-10,TRUE,0.318536101939324,NA,NA,1.43280861234951,0.0573607925187478,0.452330580817655,-0.618910275150154,-4.45609304859835,14.4946059147517
139,"dense",-3,-0.5,231,92,33,59,1.58695652173913,5,1,-119.026555282124,-119.026555372761,9.06374424403111e-08,TRUE,0.277238919330585,NA,NA,-0.246700882315782,-0.768756670873669,0.681831509825804,-0.105291433721773,-3.29056745960626,7.77134114901225
140,"mid",-4,0.75,790,160,37,123,1.33125,5,2,-116.962462124249,-116.962462124249,0,TRUE,0.24875088084948,-116.962743937776,0.000281813526967767,0.724711413887001,-0.647437264163458,0.357083040167757,-0.857610080922607,-3.88802348557097,32.9697363654772
141,"sparse",-5,2,3090,234,15,219,1.06837606837607,5,1,-93.9535193240164,-93.9535193247433,7.26899429537298e-10,TRUE,0.573858809447348,NA,NA,2.49166186542391,-0.753699299504145,0.672018317311603,-0.201271455630787,-5.49715471027053,17.2408988515536
142,"dense",-3,-0.5,235,78,31,47,1.8974358974359,5,1,-117.182895287632,-117.182895287632,0,TRUE,0.265352216903566,NA,NA,-0.494639316410067,-0.803278860770581,0.72323230422795,-0.694870235683247,-3.13971539126339,9.19357980092366
143,"mid",-4,0.75,907,165,37,128,1.28484848484848,5,1,-122.570840897939,-122.570841551923,6.53983491361032e-07,TRUE,0.37833213560151,NA,NA,1.15620233988702,-0.628973757679881,1.02904631866483,-0.372601664846759,-4.37677758230313,10.5614306648572
144,"sparse",-5,2,2906,211,25,186,1.14218009478673,5,1,-103.896932914917,-103.896934025471,1.11055354068412e-06,TRUE,0.395644346483357,NA,NA,1.74393768599356,-0.507502170897432,0.535176094542532,-0.564150912690349,-4.80862809764481,15.7925651351611
145,"dense",-3,-0.5,255,109,43,66,1.60550458715596,5,1,-141.097226346582,-141.097226346582,0,TRUE,0.194316604617077,NA,NA,-0.483289712662111,-0.218241161406551,0.495491603303168,-0.296236197181279,-2.87632307316297,9.40515554745992
146,"mid",-4,0.75,847,156,32,124,1.26282051282051,5,2,-120.763843634536,-120.763844634764,1.00022803906086e-06,TRUE,0.268709622347789,NA,NA,0.664713161341994,-0.424279079798431,0.694685593990225,-0.207391978841824,-3.90816646174865,9.92043083111445
147,"sparse",-5,2,3000,242,16,226,1.08677685950413,5,2,-103.702565760157,-103.702565761061,9.03341401681246e-10,TRUE,0.426711702237644,NA,NA,2.30315780341826,-0.559833965008844,-0.0591639734062426,-0.787546553807622,-5.27258792677584,16.1368753314018
148,"dense",-3,-0.5,226,93,27,66,1.45161290322581,5,1,-117.100767587736,-117.100767652672,6.49363869342778e-08,TRUE,0.249216731285318,NA,NA,-0.326773050028615,-0.538494765829252,0.42902887782488,-0.287349494907892,-3.25473526243005,9.68638199965159
149,"mid",-4,0.75,861,144,32,112,1.33333333333333,5,1,-118.32347194756,-118.323471979827,3.22667261798415e-08,TRUE,0.37758052248482,NA,NA,0.949815048857515,-0.892964262421425,0.555494413153395,-0.528951115799172,-4.26315911074706,9.98537735144297
150,"sparse",-5,2,2963,227,24,203,1.11894273127753,5,1,-99.5955700693612,-99.5955700702752,9.13956910153502e-10,TRUE,0.482258839571733,-99.5957907615894,0.000220692228197095,2.48116022324467,-0.814226379197262,0.833058549845802,-0.891808568338411,-5.50187649730702,40.514018034935
151,"dense",-3,-0.5,236,65,26,39,1.76923076923077,5,1,-98.1851953965644,-98.1851962110668,8.14502399748562e-07,TRUE,0.302681568608677,NA,NA,-0.607507112006857,-0.802775831796206,0.690276111166543,-0.408132560010432,-3.25374975430237,9.88356819947561
152,"mid",-4,0.75,792,148,30,118,1.23648648648649,5,1,-104.795960240928,-104.795960246534,5.605443220702e-09,TRUE,0.447374575086053,NA,NA,1.25708562302388,-1.06584820149907,0.545484363013594,-0.194244073850537,-4.58183833984004,9.18866478204727
153,"sparse",-5,2,3011,221,20,201,1.1131221719457,5,2,-99.1882742355657,-99.1882742512747,1.57090056518427e-08,TRUE,0.686340684733624,NA,NA,2.56869287310888,-1.51997306563725,0.202571713386325,-0.454291062923869,-5.57916624951539,16.9939505855242
154,"dense",-3,-0.5,258,102,34,68,1.72549019607843,5,1,-138.73971166473,-138.739711668309,3.57854901267274e-09,TRUE,0.229414151071803,NA,NA,-0.195858311443577,-0.906985798438029,0.240130026302551,-0.624675613961986,-3.16100060704654,9.17436313231786
155,"mid",-4,0.75,836,145,21,124,1.21379310344828,5,1,-105.96192984726,-105.961929861123,1.38630866786116e-08,TRUE,1.03198485545964,NA,NA,1.95997335879988,-2.43753253378761,1.92840773464683,-1.2884372912887,-5.30506063031409,15.7913847168287
156,"sparse",-5,2,2950,251,34,217,1.16334661354582,5,1,-117.67675055201,-117.67675130915,7.57140682594581e-07,TRUE,0.307048592320893,NA,NA,1.70827546281604,-0.335389308232036,0.619587225494005,-0.557476594618964,-4.58828612080246,15.4019666353861
157,"dense",-3,-0.5,264,101,40,61,1.86138613861386,5,1,-158.334417713968,-158.3344186384,9.24431873272624e-07,TRUE,0.24168224145646,NA,NA,-0.645464867738566,-0.255964149556915,0.359666998347395,-0.724001003856688,-2.69557950838002,9.52404263416926
158,"mid",-4,0.75,833,144,37,107,1.38194444444444,5,1,-123.150693059349,-123.150693059349,0,TRUE,0.251430702376413,NA,NA,0.510958102422564,-0.686304319957054,0.618233871073862,-0.549674547510682,-3.74341305796904,8.77287854750951
159,"sparse",-5,2,2853,224,17,207,1.09375,5,1,-100.034410041989,-100.034410042028,3.91366938856663e-11,TRUE,0.386467295766014,NA,NA,2.05255779019485,-0.308942768969013,0.288609555916595,-1.05111881473073,-5.09247883352103,15.751918832461
160,"dense",-3,-0.5,242,95,36,59,1.8,5,1,-134.081699967407,-134.081701634204,1.66679654967083e-06,TRUE,0.267233135578742,-134.081816572425,0.000116605017808524,-0.394716575568884,-0.453560750788713,1.04003340794035,-0.290747536909349,-3.09686545486847,30.010174481074
161,"mid",-4,0.75,821,164,38,126,1.31707317073171,5,1,-122.468862332507,-122.468862346806,1.42984930562307e-08,TRUE,0.279769776182808,NA,NA,0.727606075035072,-0.539499070492696,0.571293513544379,-0.0817649136171468,-3.91224003511255,9.92300244967143
162,"sparse",-5,2,2932,215,21,194,1.11162790697674,5,1,-103.42268160381,-103.422681603823,1.29034560814034e-11,TRUE,0.593539871061683,NA,NA,2.05954222800985,-0.441159100057037,0.538864492914324,-0.970376362225619,-5.13102608825814,17.2583841363589
163,"dense",-3,-0.5,254,84,40,44,2.05952380952381,5,1,-130.97304151846,-130.973045524356,4.00589638616111e-06,TRUE,0.293219901016232,NA,NA,-0.431735657522983,-1.02182869438815,0.407220403606234,-0.28920876417395,-3.03893716603976,8.33609838088353
164,"mid",-4,0.75,861,153,32,121,1.33986928104575,5,1,-125.606785989187,-125.606785990617,1.42982514717005e-09,TRUE,0.248738904001639,NA,NA,0.546412965152939,-0.532621186468665,0.417411573300013,-0.386488402954257,-3.76912063374387,10.7194491028786
165,"sparse",-5,2,3077,218,26,192,1.14220183486239,5,1,-111.892262916834,-111.892262916916,8.17692580312723e-11,TRUE,0.307447721251617,NA,NA,1.42953250729375,0.0609836709863078,0.650299497651557,-0.517870951283116,-4.47362012715772,15.5918642481168
166,"dense",-3,-0.5,245,89,40,49,2.07865168539326,5,1,-149.104627932734,-149.104627932734,0,TRUE,0.192832258204363,NA,NA,-0.744809398486852,-0.438287221043908,0.549994302382511,-0.461839984542846,-2.6822187325732,8.63859488169352
167,"mid",-4,0.75,834,154,27,127,1.27922077922078,5,1,-109.291112844623,-109.2911131598,3.15176791332306e-07,TRUE,0.315232773015619,NA,NA,0.887589193075904,-0.507622516987049,0.951992128561955,-0.184707771033294,-4.16461628607604,9.25432035128276
168,"sparse",-5,2,2948,230,13,217,1.06521739130435,5,3,-86.5685906882731,-100.900685173599,14.3320944853256,FALSE,0.841640576750888,NA,NA,3.0223028789999,-1.27103854794853,0.545539203506425,-0.403087159734108,-6.04648083506882,18.6231171011925
169,"dense",-3,-0.5,229,95,42,53,1.66315789473684,5,1,-136.077559069766,-136.077559477059,4.07293640591888e-07,TRUE,0.26654285644877,NA,NA,-0.478601235595476,-0.731969041335673,0.9810462086765,-0.579672853420059,-2.87351098303644,9.2224192182223
170,"mid",-4,0.75,856,155,24,131,1.21935483870968,5,1,-96.2249135536429,-96.2249152681992,1.71455631914341e-06,TRUE,0.432952837805443,-96.2249861315344,7.25778915438013e-05,1.49484645338287,-1.15767118511684,0.74929225230041,-0.643382111658503,-4.78269959623593,34.261405702432
171,"sparse",-5,2,2981,234,26,208,1.12393162393162,5,1,-103.516594051337,-103.516594053957,2.61971422332863e-09,TRUE,1.30522028149066,NA,NA,2.97169267197254,-2.02730030968517,0.456805729952258,-0.240559669732746,-5.92042038697525,18.5286459167798
172,"dense",-3,-0.5,253,95,33,62,1.62105263157895,5,1,-124.837326635628,-124.837326636351,7.22423010302009e-10,TRUE,0.271076935710102,NA,NA,-0.284081147753663,-0.631975946309221,0.445022139903698,-0.796130362656958,-3.22372760345847,9.3119314511617
173,"mid",-4,0.75,793,157,33,124,1.33757961783439,5,1,-130.03927517745,-130.039275555103,3.77652924044014e-07,TRUE,0.364659682965354,NA,NA,1.07298345486084,-0.698309944088593,1.2289770115649,-0.151745929803015,-4.3133972198416,13.3165991663933
174,"sparse",-5,2,2926,246,20,226,1.09349593495935,5,1,-105.154227344611,-105.154227345765,1.15323928184807e-09,TRUE,0.341920419598264,NA,NA,2.03000839692398,-0.330690378529087,0.336851055867676,-0.470895617304771,-4.98134842783406,15.5727700829506
175,"dense",-3,-0.5,236,96,33,63,1.60416666666667,5,1,-121.866891413827,-121.866892665369,1.25154163299612e-06,TRUE,0.252727231239813,NA,NA,-0.304932527664385,-0.598637150835286,0.665526040067524,-0.49996856491807,-3.19530040434311,8.81702201763789
176,"mid",-4,0.75,852,162,31,131,1.27777777777778,5,1,-116.335628644785,-116.335629437025,7.92240143709932e-07,TRUE,0.357209340703218,NA,NA,1.1410216413459,-1.04519592512827,0.708441314925326,-0.379653773952564,-4.31995912637876,10.0157321492831
177,"sparse",-5,2,2868,214,17,197,1.10747663551402,5,1,-96.3810578131278,-96.3810578131367,8.95283847057726e-12,TRUE,0.594322291383717,NA,NA,2.53612619627718,-1.33936534519273,0.397283124116461,-0.456186654338138,-5.59361751057499,15.5430103341738
178,"dense",-3,-0.5,251,86,31,55,1.76744186046512,5,1,-122.668144299286,-122.66814456005,2.6076376968831e-07,TRUE,0.227078402005872,NA,NA,-0.634158221043091,-0.613302986427717,0.609053328207486,-0.51826193671116,-2.84961871545398,8.79413209756215
179,"mid",-4,0.75,832,148,35,113,1.35135135135135,5,1,-131.431737338113,-131.431745637041,8.29892746878613e-06,TRUE,0.25384818354528,NA,NA,0.47266058680193,-0.0693343989085809,0.953384350382552,-0.423509509412385,-3.76405573534136,9.60543196598689
180,"sparse",-5,2,2995,213,27,186,1.15492957746479,5,1,-105.775281923903,-105.775281923911,8.05755462351954e-12,TRUE,0.429472297325875,-105.775445982367,0.000164058464264372,1.99905908697022,-0.971287784260491,0.620842970534018,-0.597796645820419,-5.02941184480671,38.1662073810895
181,"dense",-3,-0.5,246,96,40,56,1.88541666666667,5,1,-146.475193150463,-146.475193278995,1.28531667087373e-07,TRUE,0.200616004568589,NA,NA,-0.596731802779062,-0.486116407526157,0.699169810908904,-0.548150229089541,-2.77331827175874,8.24429066578547
182,"mid",-4,0.75,836,143,28,115,1.31468531468531,5,1,-116.551987983234,-116.551987983234,0,TRUE,0.289444275255777,NA,NA,0.735500881967033,-0.658239156437236,0.742013529384335,-0.545016472844849,-4.04194293454208,9.38329098622004
183,"sparse",-5,2,2878,204,27,177,1.15686274509804,5,1,-110.744757278439,-110.744757604307,3.25867446804295e-07,TRUE,0.541917147648074,NA,NA,2.35815214479596,-0.973626314940435,0.712323507554761,-1.36360771441353,-5.46706613518643,16.3330590327581
184,"dense",-3,-0.5,240,85,30,55,1.76470588235294,5,1,-117.315179603789,-117.315179603789,0,TRUE,0.271536452967234,NA,NA,-0.574697011396835,-0.557295073277639,1.22804871443136,-0.590562112378184,-2.9387396483092,10.3425534486771
185,"mid",-4,0.75,838,151,30,121,1.3112582781457,5,1,-118.371038659494,-118.371038842686,1.8319182970572e-07,TRUE,0.267034269702216,NA,NA,0.730617761115047,-0.495924324527018,0.243025767631961,-0.900329078996019,-4.00233704784742,10.5481863180796
186,"sparse",-5,2,2941,214,10,204,1.05140186915888,5,1,-91.2059894818615,-91.2059894819088,4.72937244921923e-11,TRUE,0.441828924050767,NA,NA,2.3333168350358,0.0435969055820783,0.761663498143017,-0.16695744002896,-5.47401410114485,15.7450078845024
187,"dense",-3,-0.5,241,83,29,54,1.57831325301205,5,1,-112.190858754344,-112.190858755014,6.69686528453894e-10,TRUE,0.529082417667257,NA,NA,-0.316069351852292,-0.673458684205378,0.656104192705359,-0.523317583143058,-3.36608414007092,13.3024592002233
188,"mid",-4,0.75,867,147,26,121,1.28571428571429,5,1,-112.516373635153,-112.516373639286,4.13339762417309e-09,TRUE,0.287721107646776,NA,NA,0.758422918801041,-0.652333603028832,0.510383567651522,-0.409574333335377,-4.05671646802499,10.5570566654205
189,"sparse",-5,2,2966,225,14,211,1.10666666666667,5,2,-103.572146563595,-115.199376629056,11.6272300654612,FALSE,0.39753273088478,NA,NA,1.93125558650981,-0.143311093080022,0.915148710423615,-0.36801650397354,-4.9701781574782,15.5445753177007
190,"dense",-3,-0.5,228,84,33,51,1.82142857142857,5,1,-124.39138387098,-124.391383978621,1.07641739077735e-07,TRUE,0.267532726311699,-124.391563063676,0.000179192696208474,-0.413485006653627,-1.010644530648,0.386022227773561,-0.155449388568025,-3.07607440657781,28.3598632852236
191,"mid",-4,0.75,864,150,36,114,1.34666666666667,5,1,-118.409439134443,-118.409439143911,9.46782563460147e-09,TRUE,0.28961314336455,NA,NA,0.753152732799197,-0.783624491771494,0.298609278921555,-0.598746602811607,-3.99485721554869,8.8745735168457
192,"sparse",-5,2,2923,224,21,203,1.11160714285714,5,1,-106.390711397743,-106.390711398461,7.17790271664853e-10,TRUE,0.31278620812201,NA,NA,1.63291827019697,-0.329917792221064,0.632366290172616,-0.231580404165793,-4.64336228391369,15.7971567153931
193,"dense",-3,-0.5,259,112,34,78,1.5,5,1,-118.756765417417,-118.75676552367,1.06253494891462e-07,TRUE,0.264067407921798,NA,NA,0.0811864904307446,-0.761444770836423,0.597276815646895,-0.889506737570137,-3.46075160392149,8.63402924935023
194,"mid",-4,0.75,801,155,21,134,1.16774193548387,5,2,-98.6443256043504,-98.6443269119845,1.30763409345036e-06,TRUE,0.341038016921769,NA,NA,1.16121012651986,-0.608048092938306,0.289297288815617,-0.41934676704873,-4.49559280776735,11.0163395682971
195,"sparse",-5,2,3070,237,20,217,1.08860759493671,5,1,-94.2677722258221,-94.2677722258221,0,TRUE,0.41158642048116,NA,NA,2.24534091533409,-0.368687128423714,0.57186039148358,-0.618413730858009,-5.24280488198498,15.2406924684842
196,"dense",-3,-0.5,244,78,31,47,1.73076923076923,5,1,-118.284583850438,-118.284583850439,3.97903932025656e-13,TRUE,0.249993276229903,NA,NA,-0.729009970004903,-0.484960060269248,0.541692927139222,-0.477896921080694,-2.9108963863437,11.4379906137784
197,"mid",-4,0.75,885,156,34,122,1.30128205128205,5,1,-114.17362705758,-114.173627400053,3.42473086334394e-07,TRUE,0.448042988762517,NA,NA,1.40465410403293,-1.43890047046675,0.562742980416656,-0.741285196273844,-4.61633513009157,11.4729115645091
198,"sparse",-5,2,2950,213,25,188,1.13615023474178,5,2,-111.046832199295,-111.046832199295,0,TRUE,1.50877690426721,NA,NA,2.9110086681627,-3.59097127635984,3.33929187601317,-4.10176708148262,-5.95341834653747,24.5337156693141
199,"dense",-3,-0.5,242,87,25,62,1.58620689655172,5,1,-116.824042636095,-116.824042652879,1.67847673537835e-08,TRUE,0.322874797141784,NA,NA,-0.145486199329909,-0.84309253329498,1.24522776586218,-0.148595504149987,-3.44676138589807,10.2289587497711
200,"mid",-4,0.75,790,159,35,124,1.30188679245283,5,1,-115.544681750121,-115.544682051708,3.01586382533969e-07,TRUE,0.407324694898448,-115.54477310526,9.13551386076961e-05,1.34090222714103,-1.29187177556611,0.798861562552488,-0.646526480656152,-4.53826972968108,33.7037907163302
201,"sparse",-5,2,2991,211,13,198,1.06161137440758,5,2,-82.3938517211932,-82.3938517211932,0,TRUE,0.848537446281926,NA,NA,3.04574866679858,-1.11252126980365,1.26957206995597,-0.0546580743473647,-6.16879741116276,16.6619023164113
202,"dense",-3,-0.5,242,78,24,54,1.57692307692308,5,1,-102.426644659114,-102.426644760895,1.01780372574467e-07,TRUE,0.283140243708086,NA,NA,-0.396213969254897,-0.310781825806207,0.935046361585937,-0.757501275200221,-3.40275335863994,8.18644438584646
203,"mid",-4,0.75,878,161,33,128,1.27329192546584,5,1,-109.579815542219,-109.57981554354,1.3214389582572e-09,TRUE,0.361237114490817,NA,NA,1.07309774904539,-1.02980415371442,0.4202883211502,-0.468603608509996,-4.25494999434328,12.8981163819631
204,"sparse",-5,2,3067,277,26,251,1.09747292418773,5,2,-111.742895316022,-111.742895316033,1.09707798401359e-11,TRUE,0.352132986159684,NA,NA,2.17007358816277,-0.37283079386497,0.552286813973105,-0.957845266468432,-4.97895060285036,16.1680207331975
205,"dense",-3,-0.5,248,100,41,59,1.88,5,1,-135.13848365119,-135.138485507213,1.85602289093367e-06,TRUE,0.223310165473068,NA,NA,-0.271999199157491,-0.875116418436231,0.557455230197486,-0.654807486318473,-3.07717709039928,8.31884276469549
206,"mid",-4,0.75,878,148,23,125,1.21621621621622,5,1,-102.234708818716,-102.234709454091,6.35374959756518e-07,TRUE,0.381732613439557,NA,NA,1.18416345993731,-0.802086578518922,0.701588770806746,-0.377279444056644,-4.53075904541064,11.7633964022001
207,"sparse",-5,2,2901,238,24,214,1.11764705882353,5,1,-114.897028816091,-114.897141311947,0.000112495856228634,TRUE,0.425201311350626,NA,NA,2.06851889667825,-0.800860962455147,0.347491766251313,-0.348479735550357,-5.0151050607036,15.5520193338394
208,"dense",-3,-0.5,260,104,37,67,1.78846153846154,5,1,-136.945754537557,-136.945754885153,3.47596113670079e-07,TRUE,0.24056927962045,NA,NA,-0.29446701676644,-0.696610162542634,0.89916298555718,-0.443660793746772,-3.04151975120886,8.71362108389537
209,"mid",-4,0.75,850,160,33,127,1.2625,5,1,-120.840648596168,-120.840648601584,5.41611200333136e-09,TRUE,0.277707858854216,NA,NA,0.812202636639634,-0.479027143485087,0.209723659836521,-0.595141111872178,-4.05709852489068,21.7646171967189
210,"sparse",-5,2,2923,219,22,197,1.12785388127854,5,2,-107.82968734694,-113.565963080736,5.73627573379649,FALSE,0.459997208684059,-107.829914501452,0.000227154511904359,1.90172612595117,-0.166463115170966,0.601758288503873,-0.934006060575373,-4.95892961220975,84.2565439303716
211,"dense",-3,-0.5,219,86,35,51,1.75581395348837,5,1,-134.345796231761,-134.345797274045,1.04228408304152e-06,TRUE,0.215766181725239,NA,NA,-0.720194737579295,-0.383414448384716,0.283700126899177,-0.535109472067812,-2.81425196246419,16.54361363252
212,"mid",-4,0.75,862,143,23,120,1.27272727272727,5,1,-110.449607012099,-110.449607016655,4.55671056442952e-09,TRUE,0.282562147793132,NA,NA,0.790048711834457,-0.611038350010574,0.497200835804013,-0.601712242188212,-4.12982153601703,20.3409699678421
213,"sparse",-5,2,3019,238,14,224,1.0672268907563,5,2,-87.674559439148,-87.674559439148,0,TRUE,0.693598883423755,NA,NA,3.08144466757147,-1.34212838396504,1.71649071694334,-0.867034990371296,-6.07165982969583,39.6049162824949
214,"dense",-3,-0.5,231,85,31,54,1.77647058823529,5,1,-126.872999433269,-126.872999565454,1.32185036250121e-07,TRUE,0.283848817829006,NA,NA,-0.406112081187506,-0.852185235338839,0.590164965588171,-0.125955375840517,-3.13826808896603,15.128998597463
215,"mid",-4,0.75,811,148,25,123,1.18243243243243,5,1,-101.323900326427,-101.323901180874,8.5444686703795e-07,TRUE,0.411561728402754,NA,NA,1.04710578471177,-0.781724741720671,0.270152843246259,-0.465915822745543,-4.38494014503081,22.2479851643244
216,"sparse",-5,2,2991,217,18,199,1.10599078341014,5,2,-96.6582230052186,-96.6582230251737,1.99551237756168e-08,TRUE,2.34210784120111,NA,NA,3.05307264729534,-3.55621967090359,4.78332557814515,-3.28428845440223,-6.10770705785576,46.0241072018941
217,"dense",-3,-0.5,286,107,49,58,1.91588785046729,5,1,-156.259696435476,-156.259696458256,2.27803127472725e-08,TRUE,0.198577220748143,NA,NA,-0.510026871707971,-0.527587219528131,0.20510030777351,-0.541632544124909,-2.74173974511782,16.2908839503924
218,"mid",-4,0.75,834,152,30,122,1.25,5,1,-112.99928613869,-112.999286344327,2.05636737860004e-07,TRUE,0.26819439928018,NA,NA,0.570958062635448,-0.130263858338883,0.636135518001163,-0.532536588591804,-3.86493342690445,22.4996336817741
219,"sparse",-5,2,2910,225,22,203,1.11111111111111,5,1,-110.45243136733,-110.45243137006,2.72997624506388e-09,TRUE,0.424441880079084,NA,NA,1.98566086547428,-0.687288470090182,0.52597469128397,-0.175097342182053,-4.99721312760724,36.615947898229
220,"dense",-3,-0.5,231,95,28,67,1.73684210526316,5,1,-121.165985354077,-121.165985354077,0,TRUE,0.241048621134774,-121.166301433951,0.000316079874508546,-0.291226259348906,-0.660499213081275,0.748448377539062,-0.545489251463156,-3.20346293966486,57.1075961669286
221,"mid",-4,0.75,786,155,30,125,1.27741935483871,5,1,-108.522547568842,-108.522547568842,0,TRUE,0.384060427734339,NA,NA,1.2622743975545,-0.723550196652011,0.930033018237842,-0.850305681310309,-4.55593863709499,25.8601818680763
222,"sparse",-5,2,2872,217,23,194,1.11981566820276,5,1,-107.615604012781,-107.615604014388,1.60787294589682e-09,TRUE,0.293473117532505,NA,NA,1.41689418904863,0.188703375251037,0.702974400461414,-0.557784052950344,-4.47104390390583,33.6730736335119
223,"dense",-3,-0.5,219,85,25,60,1.67058823529412,5,1,-111.371429142796,-111.371429142796,0,TRUE,0.246363864204145,NA,NA,-0.443012159125815,-0.572738005651086,0.830844951864153,-0.53116053128384,-3.16704235153134,18.3250409523646
224,"mid",-4,0.75,879,153,33,120,1.33986928104575,5,1,-131.043652170903,-131.043652170903,0,TRUE,0.24366771617716,NA,NA,0.506538586775915,-0.452607230468317,0.654640958704032,-0.385684827712585,-3.72043864622998,18.995918182532
225,"sparse",-5,2,2953,255,23,232,1.10588235294118,5,2,-106.373862525786,-106.373862525786,0,TRUE,0.350651974244027,NA,NA,2.20967757524958,-0.629856291399494,0.432699794873218,-0.554278650244864,-5.10637391014867,33.4046956340472
226,"dense",-3,-0.5,255,87,31,56,1.62068965517241,5,1,-112.120101193654,-112.120101193654,0,TRUE,0.249638250041493,NA,NA,-0.43355675932534,-0.59078759811412,0.420911135990759,-0.820347501705895,-3.14488313464491,17.8385830163956
227,"mid",-4,0.75,836,148,39,109,1.39864864864865,5,1,-130.984678086956,-130.98467808786,9.03554564501974e-10,TRUE,0.290712675598154,NA,NA,0.568271661543358,-0.677415339391558,0.537647695307473,-0.619870284255652,-3.78585519082728,21.3743088523547
228,"sparse",-5,2,3014,244,25,219,1.10655737704918,5,1,-92.0829387608753,-92.082938760886,1.07007736005471e-11,TRUE,1.13870528748553,NA,NA,3.17279497588354,-2.71627116705664,1.72310517212273,-2.35570889930013,-6.10030028167408,39.3522020657857
229,"dense",-3,-0.5,267,112,36,76,1.65178571428571,5,1,-142.889676874156,-142.889676945052,7.08961636064487e-08,TRUE,0.222171206440581,NA,NA,-0.202611848348118,-0.782851140290906,0.852493572808644,-0.550031491299954,-3.03817208702393,17.7426939646403
230,"mid",-4,0.75,853,182,33,149,1.27472527472527,5,1,-129.440717003652,-129.440718296238,1.29258555148226e-06,TRUE,0.278252677334961,-129.44085166902,0.000134665367681919,1.14119597274832,-0.638639576803731,0.816396726093735,-0.6320988187978,-4.24192268619294,65.6582222660383
231,"sparse",-5,2,2916,221,23,198,1.11764705882353,5,1,-104.139124465978,-104.139124466012,3.38218342221808e-11,TRUE,0.297451080137235,NA,NA,1.62898456425868,-0.177560600841037,0.926343519537527,-0.503409295457912,-4.64569787451962,32.8360150019328
