"kernel","threads_req","threads_used","nmu","neffort","nind","time","speedup","efficiency"
"orig",1,1,400,25,2400,11.67,1,1
"fix1",1,1,400,25,2400,5.12,1,1
"fix2",1,1,400,25,2400,5.05,1,1
"orig",2,2,400,25,2400,7.84999999999999,1.48662420382166,0.743312101910829
"fix1",2,2,400,25,2400,3.37,1.51928783382789,0.759643916913946
"fix2",2,2,400,25,2400,2.97,1.7003367003367,0.85016835016835
"orig",4,4,400,25,2400,4.53,2.57615894039735,0.644039735099338
"fix1",4,4,400,25,2400,1.56999999999999,3.2611464968153,0.815286624203826
"fix2",4,4,400,25,2400,1.5,3.36666666666666,0.841666666666666
"orig",8,8,400,25,2400,4.73999999999998,2.46202531645571,0.307753164556963
"fix1",8,8,400,25,2400,1.78,2.87640449438202,0.359550561797753
"fix2",8,8,400,25,2400,1.80000000000001,2.80555555555554,0.350694444444442
"orig",16,16,400,25,2400,3.13,3.72843450479234,0.233027156549521
"fix1",16,16,400,25,2400,1.53,3.34640522875817,0.209150326797386
"fix2",16,16,400,25,2400,1.08000000000001,4.67592592592587,0.292245370370367
"orig",20,20,400,25,2400,2.30000000000001,5.07391304347824,0.253695652173912
"fix1",20,20,400,25,2400,0.980000000000018,5.22448979591828,0.261224489795914
"fix2",20,20,400,25,2400,0.870000000000005,5.80459770114939,0.29022988505747
